[
  {
    "fields": {
      "epa_id": 352,
      "name": "DUPONT, E I DE NEMOURS & CO",
      "row_entry_date": "2014-06-26 13:37:48"
    },
    "model": "data_manager.Company",
    "pk": 1
  },
  {
    "fields": {
      "name": "Aerial Application (fixed Wing)",
      "row_entry_date": "2014-06-26 13:37:48"
    },
    "model": "data_manager.ApplicationArea",
    "pk": 1
  },
  {
    "fields": {
      "name": "Aerial Application (rotary Aircraft)",
      "row_entry_date": "2014-06-26 13:37:48"
    },
    "model": "data_manager.ApplicationArea",
    "pk": 2
  },
  {
    "fields": {
      "name": "Agricultural (noncrop Areas) (foliar Treatment)",
      "row_entry_date": "2014-06-26 13:37:48"
    },
    "model": "data_manager.ApplicationArea",
    "pk": 3
  },
  {
    "fields": {
      "name": "Airports (foliar Treatment)",
      "row_entry_date": "2014-06-26 13:37:48"
    },
    "model": "data_manager.ApplicationArea",
    "pk": 4
  },
  {
    "fields": {
      "name": "Barrier Strips (foliar Treatment)",
      "row_entry_date": "2014-06-26 13:37:48"
    },
    "model": "data_manager.ApplicationArea",
    "pk": 5
  },
  {
    "fields": {
      "name": "Ditch Banks (foliar Treatment)",
      "row_entry_date": "2014-06-26 13:37:48"
    },
    "model": "data_manager.ApplicationArea",
    "pk": 6
  },
  {
    "fields": {
      "name": "Farm Fuel Storage Areas (foliar Treatment)",
      "row_entry_date": "2014-06-26 13:37:48"
    },
    "model": "data_manager.ApplicationArea",
    "pk": 7
  },
  {
    "fields": {
      "name": "Fence Rows (foliar Treatment)",
      "row_entry_date": "2014-06-26 13:37:48"
    },
    "model": "data_manager.ApplicationArea",
    "pk": 8
  },
  {
    "fields": {
      "name": "Flood Plain (dry) (foliar Treatment)",
      "row_entry_date": "2014-06-26 13:37:48"
    },
    "model": "data_manager.ApplicationArea",
    "pk": 9
  },
  {
    "fields": {
      "name": "Industrial Areas (outdoor) (foliar Treatment)",
      "row_entry_date": "2014-06-26 13:37:48"
    },
    "model": "data_manager.ApplicationArea",
    "pk": 10
  },
  {
    "fields": {
      "name": "Low Volume (lv) Application",
      "row_entry_date": "2014-06-26 13:37:48"
    },
    "model": "data_manager.ApplicationArea",
    "pk": 11
  },
  {
    "fields": {
      "name": "Lumber Yards (foliar Treatment)",
      "row_entry_date": "2014-06-26 13:37:48"
    },
    "model": "data_manager.ApplicationArea",
    "pk": 12
  },
  {
    "fields": {
      "name": "Nonagricultural Areas (wildlife Refuge)",
      "row_entry_date": "2014-06-26 13:37:48"
    },
    "model": "data_manager.ApplicationArea",
    "pk": 13
  },
  {
    "fields": {
      "name": "Noncrop Areas (foliar Treatment)",
      "row_entry_date": "2014-06-26 13:37:48"
    },
    "model": "data_manager.ApplicationArea",
    "pk": 14
  },
  {
    "fields": {
      "name": "Ornamental Turf (industrial) (foliar Treatment)",
      "row_entry_date": "2014-06-26 13:37:48"
    },
    "model": "data_manager.ApplicationArea",
    "pk": 15
  },
  {
    "fields": {
      "name": "Pipeline Pumping Stations (outdoor) (foliar Treatment)",
      "row_entry_date": "2014-06-26 13:37:48"
    },
    "model": "data_manager.ApplicationArea",
    "pk": 16
  },
  {
    "fields": {
      "name": "Railroads (foliar Treatment)",
      "row_entry_date": "2014-06-26 13:37:48"
    },
    "model": "data_manager.ApplicationArea",
    "pk": 17
  },
  {
    "fields": {
      "name": "Recreational Areas (foliar Treatment)",
      "row_entry_date": "2014-06-26 13:37:48"
    },
    "model": "data_manager.ApplicationArea",
    "pk": 18
  },
  {
    "fields": {
      "name": "Rights-of-way (highway) (foliar Treatment)",
      "row_entry_date": "2014-06-26 13:37:48"
    },
    "model": "data_manager.ApplicationArea",
    "pk": 19
  },
  {
    "fields": {
      "name": "Rights-of-way (utility) (foliar Treatment)",
      "row_entry_date": "2014-06-26 13:37:48"
    },
    "model": "data_manager.ApplicationArea",
    "pk": 20
  },
  {
    "fields": {
      "name": "Roadsides (foliar Treatment)",
      "row_entry_date": "2014-06-26 13:37:48"
    },
    "model": "data_manager.ApplicationArea",
    "pk": 21
  },
  {
    "fields": {
      "name": "Sewage Disposal Areas (outdoors) (foliar Treatment)",
      "row_entry_date": "2014-06-26 13:37:48"
    },
    "model": "data_manager.ApplicationArea",
    "pk": 22
  },
  {
    "fields": {
      "name": "Swamps/marshes/bogs/standing Water (vegetation) (foliar Treatment)",
      "row_entry_date": "2014-06-26 13:37:48"
    },
    "model": "data_manager.ApplicationArea",
    "pk": 23
  },
  {
    "fields": {
      "name": "Tank Farms (foliar Treatment)",
      "row_entry_date": "2014-06-26 13:37:48"
    },
    "model": "data_manager.ApplicationArea",
    "pk": 24
  },
  {
    "fields": {
      "name": "Tank Mix",
      "row_entry_date": "2014-06-26 13:37:48"
    },
    "model": "data_manager.ApplicationArea",
    "pk": 25
  },
  {
    "fields": {
      "name": "Trails (foliar Treatment)",
      "row_entry_date": "2014-06-26 13:37:48"
    },
    "model": "data_manager.ApplicationArea",
    "pk": 26
  },
  {
    "fields": {
      "display_name": "Black Locust",
      "image_url": null,
      "name": "Black Locust",
      "row_entry_date": "2014-06-26 13:37:48"
    },
    "model": "data_manager.Pest",
    "pk": 1
  },
  {
    "fields": {
      "display_name": "Boxelder",
      "image_url": null,
      "name": "Boxelder",
      "row_entry_date": "2014-06-26 13:37:48"
    },
    "model": "data_manager.Pest",
    "pk": 2
  },
  {
    "fields": {
      "display_name": "Broadleaf Weeds",
      "image_url": null,
      "name": "Broadleaf Weeds",
      "row_entry_date": "2014-06-26 13:37:48"
    },
    "model": "data_manager.Pest",
    "pk": 3
  },
  {
    "fields": {
      "display_name": "Brush",
      "image_url": null,
      "name": "Brush",
      "row_entry_date": "2014-06-26 13:37:48"
    },
    "model": "data_manager.Pest",
    "pk": 4
  },
  {
    "fields": {
      "display_name": "Canada Goldenrod",
      "image_url": null,
      "name": "Canada Goldenrod",
      "row_entry_date": "2014-06-26 13:37:48"
    },
    "model": "data_manager.Pest",
    "pk": 5
  },
  {
    "fields": {
      "display_name": "Canada Thistle",
      "image_url": null,
      "name": "Canada Thistle",
      "row_entry_date": "2014-06-26 13:37:48"
    },
    "model": "data_manager.Pest",
    "pk": 6
  },
  {
    "fields": {
      "display_name": "Catalpa",
      "image_url": null,
      "name": "Catalpa",
      "row_entry_date": "2014-06-26 13:37:48"
    },
    "model": "data_manager.Pest",
    "pk": 7
  },
  {
    "fields": {
      "display_name": "Common Dandelion",
      "image_url": null,
      "name": "Common Dandelion",
      "row_entry_date": "2014-06-26 13:37:48"
    },
    "model": "data_manager.Pest",
    "pk": 8
  },
  {
    "fields": {
      "display_name": "Common Ragweed",
      "image_url": null,
      "name": "Common Ragweed",
      "row_entry_date": "2014-06-26 13:37:48"
    },
    "model": "data_manager.Pest",
    "pk": 9
  },
  {
    "fields": {
      "display_name": "Common Sowthistle",
      "image_url": null,
      "name": "Common Sowthistle",
      "row_entry_date": "2014-06-26 13:37:48"
    },
    "model": "data_manager.Pest",
    "pk": 10
  },
  {
    "fields": {
      "display_name": "Common Yarrow",
      "image_url": null,
      "name": "Common Yarrow",
      "row_entry_date": "2014-06-26 13:37:48"
    },
    "model": "data_manager.Pest",
    "pk": 11
  },
  {
    "fields": {
      "display_name": "Cottonwood",
      "image_url": null,
      "name": "Cottonwood",
      "row_entry_date": "2014-06-26 13:37:48"
    },
    "model": "data_manager.Pest",
    "pk": 12
  },
  {
    "fields": {
      "display_name": "Dewberry",
      "image_url": null,
      "name": "Dewberry",
      "row_entry_date": "2014-06-26 13:37:48"
    },
    "model": "data_manager.Pest",
    "pk": 13
  },
  {
    "fields": {
      "display_name": "Diffuse Knapweed",
      "image_url": null,
      "name": "Diffuse Knapweed",
      "row_entry_date": "2014-06-26 13:37:48"
    },
    "model": "data_manager.Pest",
    "pk": 14
  },
  {
    "fields": {
      "display_name": "Dutch Clover",
      "image_url": null,
      "name": "Dutch Clover",
      "row_entry_date": "2014-06-26 13:37:48"
    },
    "model": "data_manager.Pest",
    "pk": 15
  },
  {
    "fields": {
      "display_name": "Elm",
      "image_url": null,
      "name": "Elm",
      "row_entry_date": "2014-06-26 13:37:48"
    },
    "model": "data_manager.Pest",
    "pk": 16
  },
  {
    "fields": {
      "display_name": "Field Bindweed",
      "image_url": null,
      "name": "Field Bindweed",
      "row_entry_date": "2014-06-26 13:37:48"
    },
    "model": "data_manager.Pest",
    "pk": 17
  },
  {
    "fields": {
      "display_name": "Green Ash",
      "image_url": null,
      "name": "Green Ash",
      "row_entry_date": "2014-06-26 13:37:48"
    },
    "model": "data_manager.Pest",
    "pk": 18
  },
  {
    "fields": {
      "display_name": "Hackberry",
      "image_url": null,
      "name": "Hackberry",
      "row_entry_date": "2014-06-26 13:37:48"
    },
    "model": "data_manager.Pest",
    "pk": 19
  },
  {
    "fields": {
      "display_name": "Huisache",
      "image_url": null,
      "name": "Huisache",
      "row_entry_date": "2014-06-26 13:37:48"
    },
    "model": "data_manager.Pest",
    "pk": 20
  },
  {
    "fields": {
      "display_name": "Japanese Honeysuckle",
      "image_url": null,
      "name": "Japanese Honeysuckle",
      "row_entry_date": "2014-06-26 13:37:48"
    },
    "model": "data_manager.Pest",
    "pk": 21
  },
  {
    "fields": {
      "display_name": "Kochia",
      "image_url": null,
      "name": "Kochia",
      "row_entry_date": "2014-06-26 13:37:48"
    },
    "model": "data_manager.Pest",
    "pk": 22
  },
  {
    "fields": {
      "display_name": "Leafy Spurge",
      "image_url": null,
      "name": "Leafy Spurge",
      "row_entry_date": "2014-06-26 13:37:48"
    },
    "model": "data_manager.Pest",
    "pk": 23
  },
  {
    "fields": {
      "display_name": "Lespedeza",
      "image_url": null,
      "name": "Lespedeza",
      "row_entry_date": "2014-06-26 13:37:48"
    },
    "model": "data_manager.Pest",
    "pk": 24
  },
  {
    "fields": {
      "display_name": "Marestail",
      "image_url": null,
      "name": "Marestail",
      "row_entry_date": "2014-06-26 13:37:48"
    },
    "model": "data_manager.Pest",
    "pk": 25
  },
  {
    "fields": {
      "display_name": "Mesquite",
      "image_url": null,
      "name": "Mesquite",
      "row_entry_date": "2014-06-26 13:37:48"
    },
    "model": "data_manager.Pest",
    "pk": 26
  },
  {
    "fields": {
      "display_name": "Musk Thistle",
      "image_url": null,
      "name": "Musk Thistle",
      "row_entry_date": "2014-06-26 13:37:48"
    },
    "model": "data_manager.Pest",
    "pk": 27
  },
  {
    "fields": {
      "display_name": "No Pest",
      "image_url": null,
      "name": "No Pest",
      "row_entry_date": "2014-06-26 13:37:48"
    },
    "model": "data_manager.Pest",
    "pk": 28
  },
  {
    "fields": {
      "display_name": "Northern Red Oak",
      "image_url": null,
      "name": "Northern Red Oak",
      "row_entry_date": "2014-06-26 13:37:48"
    },
    "model": "data_manager.Pest",
    "pk": 29
  },
  {
    "fields": {
      "display_name": "Poison Hemlock",
      "image_url": null,
      "name": "Poison Hemlock",
      "row_entry_date": "2014-06-26 13:37:48"
    },
    "model": "data_manager.Pest",
    "pk": 30
  },
  {
    "fields": {
      "display_name": "Poison Ivy",
      "image_url": null,
      "name": "Poison Ivy",
      "row_entry_date": "2014-06-26 13:37:48"
    },
    "model": "data_manager.Pest",
    "pk": 31
  },
  {
    "fields": {
      "display_name": "Prickly Lettuce",
      "image_url": null,
      "name": "Prickly Lettuce",
      "row_entry_date": "2014-06-26 13:37:48"
    },
    "model": "data_manager.Pest",
    "pk": 32
  },
  {
    "fields": {
      "display_name": "Red Maple",
      "image_url": null,
      "name": "Red Maple",
      "row_entry_date": "2014-06-26 13:37:48"
    },
    "model": "data_manager.Pest",
    "pk": 33
  },
  {
    "fields": {
      "display_name": "Russian Knapweed",
      "image_url": null,
      "name": "Russian Knapweed",
      "row_entry_date": "2014-06-26 13:37:48"
    },
    "model": "data_manager.Pest",
    "pk": 34
  },
  {
    "fields": {
      "display_name": "Russian Thistle",
      "image_url": null,
      "name": "Russian Thistle",
      "row_entry_date": "2014-06-26 13:37:48"
    },
    "model": "data_manager.Pest",
    "pk": 35
  },
  {
    "fields": {
      "display_name": "Sassafras",
      "image_url": null,
      "name": "Sassafras",
      "row_entry_date": "2014-06-26 13:37:48"
    },
    "model": "data_manager.Pest",
    "pk": 36
  },
  {
    "fields": {
      "display_name": "Silver Maple",
      "image_url": null,
      "name": "Silver Maple",
      "row_entry_date": "2014-06-26 13:37:48"
    },
    "model": "data_manager.Pest",
    "pk": 37
  },
  {
    "fields": {
      "display_name": "Spotted Knapweed",
      "image_url": null,
      "name": "Spotted Knapweed",
      "row_entry_date": "2014-06-26 13:37:48"
    },
    "model": "data_manager.Pest",
    "pk": 38
  },
  {
    "fields": {
      "display_name": "Sulphur Cinquefoil",
      "image_url": null,
      "name": "Sulphur Cinquefoil",
      "row_entry_date": "2014-06-26 13:37:48"
    },
    "model": "data_manager.Pest",
    "pk": 39
  },
  {
    "fields": {
      "display_name": "Sumac",
      "image_url": null,
      "name": "Sumac",
      "row_entry_date": "2014-06-26 13:37:48"
    },
    "model": "data_manager.Pest",
    "pk": 40
  },
  {
    "fields": {
      "display_name": "Sycamore",
      "image_url": null,
      "name": "Sycamore",
      "row_entry_date": "2014-06-26 13:37:48"
    },
    "model": "data_manager.Pest",
    "pk": 41
  },
  {
    "fields": {
      "display_name": "Tall Ironweed",
      "image_url": null,
      "name": "Tall Ironweed",
      "row_entry_date": "2014-06-26 13:37:48"
    },
    "model": "data_manager.Pest",
    "pk": 42
  },
  {
    "fields": {
      "display_name": "Teasel",
      "image_url": null,
      "name": "Teasel",
      "row_entry_date": "2014-06-26 13:37:48"
    },
    "model": "data_manager.Pest",
    "pk": 43
  },
  {
    "fields": {
      "display_name": "Tupelo",
      "image_url": null,
      "name": "Tupelo",
      "row_entry_date": "2014-06-26 13:37:48"
    },
    "model": "data_manager.Pest",
    "pk": 44
  },
  {
    "fields": {
      "display_name": "Turkey Mullein",
      "image_url": null,
      "name": "Turkey Mullein",
      "row_entry_date": "2014-06-26 13:37:48"
    },
    "model": "data_manager.Pest",
    "pk": 45
  },
  {
    "fields": {
      "display_name": "Vines",
      "image_url": null,
      "name": "Vines",
      "row_entry_date": "2014-06-26 13:37:48"
    },
    "model": "data_manager.Pest",
    "pk": 46
  },
  {
    "fields": {
      "display_name": "Western Ragweed",
      "image_url": null,
      "name": "Western Ragweed",
      "row_entry_date": "2014-06-26 13:37:48"
    },
    "model": "data_manager.Pest",
    "pk": 47
  },
  {
    "fields": {
      "display_name": "White Ash",
      "image_url": null,
      "name": "White Ash",
      "row_entry_date": "2014-06-26 13:37:48"
    },
    "model": "data_manager.Pest",
    "pk": 48
  },
  {
    "fields": {
      "display_name": "White Clover",
      "image_url": null,
      "name": "White Clover",
      "row_entry_date": "2014-06-26 13:37:48"
    },
    "model": "data_manager.Pest",
    "pk": 49
  },
  {
    "fields": {
      "display_name": "Wild Grape",
      "image_url": null,
      "name": "Wild Grape",
      "row_entry_date": "2014-06-26 13:37:48"
    },
    "model": "data_manager.Pest",
    "pk": 50
  },
  {
    "fields": {
      "display_name": "Woody Plants",
      "image_url": null,
      "name": "Woody Plants",
      "row_entry_date": "2014-06-26 13:37:48"
    },
    "model": "data_manager.Pest",
    "pk": 51
  },
  {
    "fields": {
      "display_name": "Yellow Poplar",
      "image_url": null,
      "name": "Yellow Poplar",
      "row_entry_date": "2014-06-26 13:37:48"
    },
    "model": "data_manager.Pest",
    "pk": 52
  },
  {
    "fields": {
      "display_name": "Yellow Starthistle",
      "image_url": null,
      "name": "Yellow Starthistle",
      "row_entry_date": "2014-06-26 13:37:48"
    },
    "model": "data_manager.Pest",
    "pk": 53
  },
  {
    "fields": {
      "active_ingredient": 34,
      "brand_name": "DUPONT METHOD 50SG HERBICIDE",
      "percentage_active_ingredient": "50",
      "row_entry_date": "2014-06-26 13:37:48"
    },
    "model": "data_manager.BrandFormulation",
    "pk": 1
  },
  {
    "fields": {
      "active_ingredients": [],
      "application_areas": [
        1,
        2,
        3,
        4,
        5,
        6,
        7,
        8,
        9,
        10,
        11,
        12,
        13,
        14,
        15,
        16,
        17,
        18,
        19,
        20,
        21,
        22,
        23,
        24,
        25,
        26
      ],
      "company_name": [
        1
      ],
      "company_number": 352,
      "epa_registration_number": "352-787",
      "formulation": "Water Dispersible Granules",
      "label_url": "http://www.kellysolutions.com/erenewals/documentsubmit/KellyData\\SC\\pesticide\\Product%20Label\\352\\352%2D787\\352%2D787%5FDUPONT%5FMETHOD%5F50SG%5FHERBICIDE%5F4%5F25%5F2014%5F11%5F12%5F48%5FAM%2Epdf",
      "name": "DUPONT METHOD 50SG HERBICIDE",
      "pests_treated": [
        1,
        2,
        3,
        4,
        5,
        6,
        7,
        8,
        9,
        10,
        11,
        12,
        13,
        14,
        15,
        16,
        17,
        18,
        19,
        20,
        21,
        22,
        23,
        24,
        25,
        26,
        27,
        28,
        29,
        30,
        31,
        32,
        33,
        34,
        35,
        36,
        37,
        38,
        39,
        40,
        41,
        42,
        43,
        44,
        45,
        46,
        47,
        48,
        49,
        50,
        51,
        52,
        53
      ],
      "restricted_use": false,
      "row_entry_date": "2014-06-26 13:37:48",
      "special_local_need": false
    },
    "model": "data_manager.Brand",
    "pk": 2
  },
  {
    "fields": {
      "name": "Agricultural Areas (uncultivated) (foliar Treatment)",
      "row_entry_date": "2014-06-26 13:37:48"
    },
    "model": "data_manager.ApplicationArea",
    "pk": 27
  },
  {
    "fields": {
      "name": "Bahiagrass (ornamental Turf) (foliar Treatment)",
      "row_entry_date": "2014-06-26 13:37:48"
    },
    "model": "data_manager.ApplicationArea",
    "pk": 28
  },
  {
    "fields": {
      "name": "Bermudagrass (ornamental Turf) (foliar Treatment)",
      "row_entry_date": "2014-06-26 13:37:48"
    },
    "model": "data_manager.ApplicationArea",
    "pk": 29
  },
  {
    "fields": {
      "name": "Camp Areas (foliar Treatment)",
      "row_entry_date": "2014-06-26 13:37:48"
    },
    "model": "data_manager.ApplicationArea",
    "pk": 30
  },
  {
    "fields": {
      "name": "Farm Yards (foliar Treatment)",
      "row_entry_date": "2014-06-26 13:37:48"
    },
    "model": "data_manager.ApplicationArea",
    "pk": 31
  },
  {
    "fields": {
      "name": "Fencerows (foliar Treatment)",
      "row_entry_date": "2014-06-26 13:37:48"
    },
    "model": "data_manager.ApplicationArea",
    "pk": 32
  },
  {
    "fields": {
      "name": "Kentucky Bluegrass (ornamental Turf) (foliar Treatment)",
      "row_entry_date": "2014-06-26 13:37:48"
    },
    "model": "data_manager.ApplicationArea",
    "pk": 33
  },
  {
    "fields": {
      "name": "Nonagricultural Areas (public Health) (outdoor)",
      "row_entry_date": "2014-06-26 13:37:48"
    },
    "model": "data_manager.ApplicationArea",
    "pk": 34
  },
  {
    "fields": {
      "name": "Ornamental Grasses (perennial) (foliar Treatment)",
      "row_entry_date": "2014-06-26 13:37:48"
    },
    "model": "data_manager.ApplicationArea",
    "pk": 35
  },
  {
    "fields": {
      "name": "Paths (foliar Treatment)",
      "row_entry_date": "2014-06-26 13:37:48"
    },
    "model": "data_manager.ApplicationArea",
    "pk": 36
  },
  {
    "fields": {
      "name": "Private Roads, Walkways, Paths, Trails, Lanes (unpaved)",
      "row_entry_date": "2014-06-26 13:37:48"
    },
    "model": "data_manager.ApplicationArea",
    "pk": 37
  },
  {
    "fields": {
      "name": "Rights-of-way (pipeline) (foliar Treatment)",
      "row_entry_date": "2014-06-26 13:37:48"
    },
    "model": "data_manager.ApplicationArea",
    "pk": 38
  },
  {
    "fields": {
      "name": "Rights-of-way (railroad) (foliar Treatment)",
      "row_entry_date": "2014-06-26 13:37:48"
    },
    "model": "data_manager.ApplicationArea",
    "pk": 39
  },
  {
    "fields": {
      "name": "Ryegrass (perennial) (ornamental Turf) (foliar Treatment)",
      "row_entry_date": "2014-06-26 13:37:48"
    },
    "model": "data_manager.ApplicationArea",
    "pk": 40
  },
  {
    "fields": {
      "name": "Smooth Bromegrass (ornamental Turf) (foliar Treatment)",
      "row_entry_date": "2014-06-26 13:37:48"
    },
    "model": "data_manager.ApplicationArea",
    "pk": 41
  },
  {
    "fields": {
      "name": "Tall Fescue (ornamental Turf) (foliar Treatment)",
      "row_entry_date": "2014-06-26 13:37:48"
    },
    "model": "data_manager.ApplicationArea",
    "pk": 42
  },
  {
    "fields": {
      "name": "Uncultivated Agricultural Areas (barrier Strips) (foliar Treatment)",
      "row_entry_date": "2014-06-26 13:37:48"
    },
    "model": "data_manager.ApplicationArea",
    "pk": 43
  },
  {
    "fields": {
      "name": "Uncultivated Nonagricultural Areas (foliar Treatment)",
      "row_entry_date": "2014-06-26 13:37:48"
    },
    "model": "data_manager.ApplicationArea",
    "pk": 44
  },
  {
    "fields": {
      "name": "Walks (foliar Treatment)",
      "row_entry_date": "2014-06-26 13:37:48"
    },
    "model": "data_manager.ApplicationArea",
    "pk": 45
  },
  {
    "fields": {
      "name": "Waterway Edges (related Surfaces)",
      "row_entry_date": "2014-06-26 13:37:48"
    },
    "model": "data_manager.ApplicationArea",
    "pk": 46
  },
  {
    "fields": {
      "name": "Wheatgrass (ornamental Turf) (foliar Treatment)",
      "row_entry_date": "2014-06-26 13:37:48"
    },
    "model": "data_manager.ApplicationArea",
    "pk": 47
  },
  {
    "fields": {
      "display_name": "Aster",
      "image_url": null,
      "name": "Aster",
      "row_entry_date": "2014-06-26 13:37:48"
    },
    "model": "data_manager.Pest",
    "pk": 54
  },
  {
    "fields": {
      "display_name": "Aster (preemergence)",
      "image_url": null,
      "name": "Aster (preemergence)",
      "row_entry_date": "2014-06-26 13:37:48"
    },
    "model": "data_manager.Pest",
    "pk": 55
  },
  {
    "fields": {
      "display_name": "Bedstraw",
      "image_url": null,
      "name": "Bedstraw",
      "row_entry_date": "2014-06-26 13:37:48"
    },
    "model": "data_manager.Pest",
    "pk": 56
  },
  {
    "fields": {
      "display_name": "Bedstraw (preemergence)",
      "image_url": null,
      "name": "Bedstraw (preemergence)",
      "row_entry_date": "2014-06-26 13:37:48"
    },
    "model": "data_manager.Pest",
    "pk": 57
  },
  {
    "fields": {
      "display_name": "Black Mustard",
      "image_url": null,
      "name": "Black Mustard",
      "row_entry_date": "2014-06-26 13:37:48"
    },
    "model": "data_manager.Pest",
    "pk": 58
  },
  {
    "fields": {
      "display_name": "Black Mustard (preemergence)",
      "image_url": null,
      "name": "Black Mustard (preemergence)",
      "row_entry_date": "2014-06-26 13:37:48"
    },
    "model": "data_manager.Pest",
    "pk": 59
  },
  {
    "fields": {
      "display_name": "Blue Mustard",
      "image_url": null,
      "name": "Blue Mustard",
      "row_entry_date": "2014-06-26 13:37:48"
    },
    "model": "data_manager.Pest",
    "pk": 60
  },
  {
    "fields": {
      "display_name": "Blue Mustard (preemergence)",
      "image_url": null,
      "name": "Blue Mustard (preemergence)",
      "row_entry_date": "2014-06-26 13:37:48"
    },
    "model": "data_manager.Pest",
    "pk": 61
  },
  {
    "fields": {
      "display_name": "Bouncingbet",
      "image_url": null,
      "name": "Bouncingbet",
      "row_entry_date": "2014-06-26 13:37:48"
    },
    "model": "data_manager.Pest",
    "pk": 62
  },
  {
    "fields": {
      "display_name": "Bouncingbet (preemergence)",
      "image_url": null,
      "name": "Bouncingbet (preemergence)",
      "row_entry_date": "2014-06-26 13:37:48"
    },
    "model": "data_manager.Pest",
    "pk": 63
  },
  {
    "fields": {
      "display_name": "Broadleaf Weeds (preemergence)",
      "image_url": null,
      "name": "Broadleaf Weeds (preemergence)",
      "row_entry_date": "2014-06-26 13:37:48"
    },
    "model": "data_manager.Pest",
    "pk": 64
  },
  {
    "fields": {
      "display_name": "Buckhorn Plantain",
      "image_url": null,
      "name": "Buckhorn Plantain",
      "row_entry_date": "2014-06-26 13:37:48"
    },
    "model": "data_manager.Pest",
    "pk": 65
  },
  {
    "fields": {
      "display_name": "Buckhorn Plantain (preemergence)",
      "image_url": null,
      "name": "Buckhorn Plantain (preemergence)",
      "row_entry_date": "2014-06-26 13:37:48"
    },
    "model": "data_manager.Pest",
    "pk": 66
  },
  {
    "fields": {
      "display_name": "Bull Thistle",
      "image_url": null,
      "name": "Bull Thistle",
      "row_entry_date": "2014-06-26 13:37:48"
    },
    "model": "data_manager.Pest",
    "pk": 67
  },
  {
    "fields": {
      "display_name": "Bull Thistle (preemergence)",
      "image_url": null,
      "name": "Bull Thistle (preemergence)",
      "row_entry_date": "2014-06-26 13:37:48"
    },
    "model": "data_manager.Pest",
    "pk": 68
  },
  {
    "fields": {
      "display_name": "Bur Beakchervil",
      "image_url": null,
      "name": "Bur Beakchervil",
      "row_entry_date": "2014-06-26 13:37:48"
    },
    "model": "data_manager.Pest",
    "pk": 69
  },
  {
    "fields": {
      "display_name": "Bur Beakchervil (preemergence)",
      "image_url": null,
      "name": "Bur Beakchervil (preemergence)",
      "row_entry_date": "2014-06-26 13:37:48"
    },
    "model": "data_manager.Pest",
    "pk": 70
  },
  {
    "fields": {
      "display_name": "Burclover",
      "image_url": null,
      "name": "Burclover",
      "row_entry_date": "2014-06-26 13:37:48"
    },
    "model": "data_manager.Pest",
    "pk": 71
  },
  {
    "fields": {
      "display_name": "Burclover (preemergence)",
      "image_url": null,
      "name": "Burclover (preemergence)",
      "row_entry_date": "2014-06-26 13:37:48"
    },
    "model": "data_manager.Pest",
    "pk": 72
  },
  {
    "fields": {
      "display_name": "Buttercup",
      "image_url": null,
      "name": "Buttercup",
      "row_entry_date": "2014-06-26 13:37:48"
    },
    "model": "data_manager.Pest",
    "pk": 73
  },
  {
    "fields": {
      "display_name": "Buttercup (preemergence)",
      "image_url": null,
      "name": "Buttercup (preemergence)",
      "row_entry_date": "2014-06-26 13:37:48"
    },
    "model": "data_manager.Pest",
    "pk": 74
  },
  {
    "fields": {
      "display_name": "Canada Thistle (preemergence)",
      "image_url": null,
      "name": "Canada Thistle (preemergence)",
      "row_entry_date": "2014-06-26 13:37:48"
    },
    "model": "data_manager.Pest",
    "pk": 75
  },
  {
    "fields": {
      "display_name": "Carolina Geranium",
      "image_url": null,
      "name": "Carolina Geranium",
      "row_entry_date": "2014-06-26 13:37:48"
    },
    "model": "data_manager.Pest",
    "pk": 76
  },
  {
    "fields": {
      "display_name": "Carolina Geranium (preemergence)",
      "image_url": null,
      "name": "Carolina Geranium (preemergence)",
      "row_entry_date": "2014-06-26 13:37:48"
    },
    "model": "data_manager.Pest",
    "pk": 77
  },
  {
    "fields": {
      "display_name": "Chickweed",
      "image_url": null,
      "name": "Chickweed",
      "row_entry_date": "2014-06-26 13:37:48"
    },
    "model": "data_manager.Pest",
    "pk": 78
  },
  {
    "fields": {
      "display_name": "Chickweed (preemergence)",
      "image_url": null,
      "name": "Chickweed (preemergence)",
      "row_entry_date": "2014-06-26 13:37:48"
    },
    "model": "data_manager.Pest",
    "pk": 79
  },
  {
    "fields": {
      "display_name": "Cinquefoil",
      "image_url": null,
      "name": "Cinquefoil",
      "row_entry_date": "2014-06-26 13:37:48"
    },
    "model": "data_manager.Pest",
    "pk": 80
  },
  {
    "fields": {
      "display_name": "Cinquefoil (preemergence)",
      "image_url": null,
      "name": "Cinquefoil (preemergence)",
      "row_entry_date": "2014-06-26 13:37:48"
    },
    "model": "data_manager.Pest",
    "pk": 81
  },
  {
    "fields": {
      "display_name": "Clover",
      "image_url": null,
      "name": "Clover",
      "row_entry_date": "2014-06-26 13:37:48"
    },
    "model": "data_manager.Pest",
    "pk": 82
  },
  {
    "fields": {
      "display_name": "Clover (preemergence)",
      "image_url": null,
      "name": "Clover (preemergence)",
      "row_entry_date": "2014-06-26 13:37:48"
    },
    "model": "data_manager.Pest",
    "pk": 83
  },
  {
    "fields": {
      "display_name": "Cogongrass",
      "image_url": null,
      "name": "Cogongrass",
      "row_entry_date": "2014-06-26 13:37:48"
    },
    "model": "data_manager.Pest",
    "pk": 84
  },
  {
    "fields": {
      "display_name": "Common Groundsel",
      "image_url": null,
      "name": "Common Groundsel",
      "row_entry_date": "2014-06-26 13:37:48"
    },
    "model": "data_manager.Pest",
    "pk": 85
  },
  {
    "fields": {
      "display_name": "Common Groundsel (preemergence)",
      "image_url": null,
      "name": "Common Groundsel (preemergence)",
      "row_entry_date": "2014-06-26 13:37:48"
    },
    "model": "data_manager.Pest",
    "pk": 86
  },
  {
    "fields": {
      "display_name": "Common Mallow",
      "image_url": null,
      "name": "Common Mallow",
      "row_entry_date": "2014-06-26 13:37:48"
    },
    "model": "data_manager.Pest",
    "pk": 87
  },
  {
    "fields": {
      "display_name": "Common Mallow (preemergence)",
      "image_url": null,
      "name": "Common Mallow (preemergence)",
      "row_entry_date": "2014-06-26 13:37:48"
    },
    "model": "data_manager.Pest",
    "pk": 88
  },
  {
    "fields": {
      "display_name": "Common Mullein",
      "image_url": null,
      "name": "Common Mullein",
      "row_entry_date": "2014-06-26 13:37:48"
    },
    "model": "data_manager.Pest",
    "pk": 89
  },
  {
    "fields": {
      "display_name": "Common Mullein (preemergence)",
      "image_url": null,
      "name": "Common Mullein (preemergence)",
      "row_entry_date": "2014-06-26 13:37:48"
    },
    "model": "data_manager.Pest",
    "pk": 90
  },
  {
    "fields": {
      "display_name": "Common Ragweed (preemergence)",
      "image_url": null,
      "name": "Common Ragweed (preemergence)",
      "row_entry_date": "2014-06-26 13:37:48"
    },
    "model": "data_manager.Pest",
    "pk": 91
  },
  {
    "fields": {
      "display_name": "Common Sunflower",
      "image_url": null,
      "name": "Common Sunflower",
      "row_entry_date": "2014-06-26 13:37:48"
    },
    "model": "data_manager.Pest",
    "pk": 92
  },
  {
    "fields": {
      "display_name": "Common Sunflower (preemergence)",
      "image_url": null,
      "name": "Common Sunflower (preemergence)",
      "row_entry_date": "2014-06-26 13:37:48"
    },
    "model": "data_manager.Pest",
    "pk": 93
  },
  {
    "fields": {
      "display_name": "Conical Catchfly",
      "image_url": null,
      "name": "Conical Catchfly",
      "row_entry_date": "2014-06-26 13:37:48"
    },
    "model": "data_manager.Pest",
    "pk": 94
  },
  {
    "fields": {
      "display_name": "Conical Catchfly (preemergence)",
      "image_url": null,
      "name": "Conical Catchfly (preemergence)",
      "row_entry_date": "2014-06-26 13:37:48"
    },
    "model": "data_manager.Pest",
    "pk": 95
  },
  {
    "fields": {
      "display_name": "Corn Spurry",
      "image_url": null,
      "name": "Corn Spurry",
      "row_entry_date": "2014-06-26 13:37:48"
    },
    "model": "data_manager.Pest",
    "pk": 96
  },
  {
    "fields": {
      "display_name": "Corn Spurry (preemergence)",
      "image_url": null,
      "name": "Corn Spurry (preemergence)",
      "row_entry_date": "2014-06-26 13:37:48"
    },
    "model": "data_manager.Pest",
    "pk": 97
  },
  {
    "fields": {
      "display_name": "Cow Cockle",
      "image_url": null,
      "name": "Cow Cockle",
      "row_entry_date": "2014-06-26 13:37:48"
    },
    "model": "data_manager.Pest",
    "pk": 98
  },
  {
    "fields": {
      "display_name": "Cow Cockle (preemergence)",
      "image_url": null,
      "name": "Cow Cockle (preemergence)",
      "row_entry_date": "2014-06-26 13:37:48"
    },
    "model": "data_manager.Pest",
    "pk": 99
  },
  {
    "fields": {
      "display_name": "Curly Dock",
      "image_url": null,
      "name": "Curly Dock",
      "row_entry_date": "2014-06-26 13:37:48"
    },
    "model": "data_manager.Pest",
    "pk": 100
  },
  {
    "fields": {
      "display_name": "Curly Dock (preemergence)",
      "image_url": null,
      "name": "Curly Dock (preemergence)",
      "row_entry_date": "2014-06-26 13:37:48"
    },
    "model": "data_manager.Pest",
    "pk": 101
  },
  {
    "fields": {
      "display_name": "Cutleaf Eveningprimrose",
      "image_url": null,
      "name": "Cutleaf Eveningprimrose",
      "row_entry_date": "2014-06-26 13:37:48"
    },
    "model": "data_manager.Pest",
    "pk": 102
  },
  {
    "fields": {
      "display_name": "Cutleaf Eveningprimrose (preemergence)",
      "image_url": null,
      "name": "Cutleaf Eveningprimrose (preemergence)",
      "row_entry_date": "2014-06-26 13:37:48"
    },
    "model": "data_manager.Pest",
    "pk": 103
  },
  {
    "fields": {
      "display_name": "Dandelion",
      "image_url": null,
      "name": "Dandelion",
      "row_entry_date": "2014-06-26 13:37:48"
    },
    "model": "data_manager.Pest",
    "pk": 104
  },
  {
    "fields": {
      "display_name": "Dandelion (preemergence)",
      "image_url": null,
      "name": "Dandelion (preemergence)",
      "row_entry_date": "2014-06-26 13:37:48"
    },
    "model": "data_manager.Pest",
    "pk": 105
  },
  {
    "fields": {
      "display_name": "Dyers Woad",
      "image_url": null,
      "name": "Dyers Woad",
      "row_entry_date": "2014-06-26 13:37:48"
    },
    "model": "data_manager.Pest",
    "pk": 106
  },
  {
    "fields": {
      "display_name": "Erect Knotweed",
      "image_url": null,
      "name": "Erect Knotweed",
      "row_entry_date": "2014-06-26 13:37:48"
    },
    "model": "data_manager.Pest",
    "pk": 107
  },
  {
    "fields": {
      "display_name": "False Chamomile",
      "image_url": null,
      "name": "False Chamomile",
      "row_entry_date": "2014-06-26 13:37:48"
    },
    "model": "data_manager.Pest",
    "pk": 108
  },
  {
    "fields": {
      "display_name": "False Chamomile (preemergence)",
      "image_url": null,
      "name": "False Chamomile (preemergence)",
      "row_entry_date": "2014-06-26 13:37:48"
    },
    "model": "data_manager.Pest",
    "pk": 109
  },
  {
    "fields": {
      "display_name": "Fiddleneck",
      "image_url": null,
      "name": "Fiddleneck",
      "row_entry_date": "2014-06-26 13:37:48"
    },
    "model": "data_manager.Pest",
    "pk": 110
  },
  {
    "fields": {
      "display_name": "Fiddleneck (preemergence)",
      "image_url": null,
      "name": "Fiddleneck (preemergence)",
      "row_entry_date": "2014-06-26 13:37:48"
    },
    "model": "data_manager.Pest",
    "pk": 111
  },
  {
    "fields": {
      "display_name": "Field Bindweed (preemergence)",
      "image_url": null,
      "name": "Field Bindweed (preemergence)",
      "row_entry_date": "2014-06-26 13:37:48"
    },
    "model": "data_manager.Pest",
    "pk": 112
  },
  {
    "fields": {
      "display_name": "Field Pennycress",
      "image_url": null,
      "name": "Field Pennycress",
      "row_entry_date": "2014-06-26 13:37:48"
    },
    "model": "data_manager.Pest",
    "pk": 113
  },
  {
    "fields": {
      "display_name": "Field Pennycress (preemergence)",
      "image_url": null,
      "name": "Field Pennycress (preemergence)",
      "row_entry_date": "2014-06-26 13:37:48"
    },
    "model": "data_manager.Pest",
    "pk": 114
  },
  {
    "fields": {
      "display_name": "Flixweed",
      "image_url": null,
      "name": "Flixweed",
      "row_entry_date": "2014-06-26 13:37:48"
    },
    "model": "data_manager.Pest",
    "pk": 115
  },
  {
    "fields": {
      "display_name": "Flixweed (preemergence)",
      "image_url": null,
      "name": "Flixweed (preemergence)",
      "row_entry_date": "2014-06-26 13:37:48"
    },
    "model": "data_manager.Pest",
    "pk": 116
  },
  {
    "fields": {
      "display_name": "Goldenrod",
      "image_url": null,
      "name": "Goldenrod",
      "row_entry_date": "2014-06-26 13:37:48"
    },
    "model": "data_manager.Pest",
    "pk": 117
  },
  {
    "fields": {
      "display_name": "Goldenrod (preemergence)",
      "image_url": null,
      "name": "Goldenrod (preemergence)",
      "row_entry_date": "2014-06-26 13:37:48"
    },
    "model": "data_manager.Pest",
    "pk": 118
  },
  {
    "fields": {
      "display_name": "Halogeton",
      "image_url": null,
      "name": "Halogeton",
      "row_entry_date": "2014-06-26 13:37:48"
    },
    "model": "data_manager.Pest",
    "pk": 119
  },
  {
    "fields": {
      "display_name": "Hempnettle",
      "image_url": null,
      "name": "Hempnettle",
      "row_entry_date": "2014-06-26 13:37:48"
    },
    "model": "data_manager.Pest",
    "pk": 120
  },
  {
    "fields": {
      "display_name": "Hempnettle (preemergence)",
      "image_url": null,
      "name": "Hempnettle (preemergence)",
      "row_entry_date": "2014-06-26 13:37:48"
    },
    "model": "data_manager.Pest",
    "pk": 121
  },
  {
    "fields": {
      "display_name": "Henbit",
      "image_url": null,
      "name": "Henbit",
      "row_entry_date": "2014-06-26 13:37:48"
    },
    "model": "data_manager.Pest",
    "pk": 122
  },
  {
    "fields": {
      "display_name": "Henbit (preemergence)",
      "image_url": null,
      "name": "Henbit (preemergence)",
      "row_entry_date": "2014-06-26 13:37:48"
    },
    "model": "data_manager.Pest",
    "pk": 123
  },
  {
    "fields": {
      "display_name": "Hoary Cress",
      "image_url": null,
      "name": "Hoary Cress",
      "row_entry_date": "2014-06-26 13:37:48"
    },
    "model": "data_manager.Pest",
    "pk": 124
  },
  {
    "fields": {
      "display_name": "Hoary Cress (preemergence)",
      "image_url": null,
      "name": "Hoary Cress (preemergence)",
      "row_entry_date": "2014-06-26 13:37:48"
    },
    "model": "data_manager.Pest",
    "pk": 125
  },
  {
    "fields": {
      "display_name": "Horsetail",
      "image_url": null,
      "name": "Horsetail",
      "row_entry_date": "2014-06-26 13:37:48"
    },
    "model": "data_manager.Pest",
    "pk": 126
  },
  {
    "fields": {
      "display_name": "Horsetail (preemergence)",
      "image_url": null,
      "name": "Horsetail (preemergence)",
      "row_entry_date": "2014-06-26 13:37:48"
    },
    "model": "data_manager.Pest",
    "pk": 127
  },
  {
    "fields": {
      "display_name": "Horseweed",
      "image_url": null,
      "name": "Horseweed",
      "row_entry_date": "2014-06-26 13:37:48"
    },
    "model": "data_manager.Pest",
    "pk": 128
  },
  {
    "fields": {
      "display_name": "Horseweed (preemergence)",
      "image_url": null,
      "name": "Horseweed (preemergence)",
      "row_entry_date": "2014-06-26 13:37:48"
    },
    "model": "data_manager.Pest",
    "pk": 129
  },
  {
    "fields": {
      "display_name": "Houndstongue",
      "image_url": null,
      "name": "Houndstongue",
      "row_entry_date": "2014-06-26 13:37:48"
    },
    "model": "data_manager.Pest",
    "pk": 130
  },
  {
    "fields": {
      "display_name": "Italian Ryegrass",
      "image_url": null,
      "name": "Italian Ryegrass",
      "row_entry_date": "2014-06-26 13:37:48"
    },
    "model": "data_manager.Pest",
    "pk": 131
  },
  {
    "fields": {
      "display_name": "Italian Ryegrass (preemergence)",
      "image_url": null,
      "name": "Italian Ryegrass (preemergence)",
      "row_entry_date": "2014-06-26 13:37:48"
    },
    "model": "data_manager.Pest",
    "pk": 132
  },
  {
    "fields": {
      "display_name": "Kochia (preemergence)",
      "image_url": null,
      "name": "Kochia (preemergence)",
      "row_entry_date": "2014-06-26 13:37:48"
    },
    "model": "data_manager.Pest",
    "pk": 133
  },
  {
    "fields": {
      "display_name": "Lambsquarters",
      "image_url": null,
      "name": "Lambsquarters",
      "row_entry_date": "2014-06-26 13:37:48"
    },
    "model": "data_manager.Pest",
    "pk": 134
  },
  {
    "fields": {
      "display_name": "Lambsquarters (preemergence)",
      "image_url": null,
      "name": "Lambsquarters (preemergence)",
      "row_entry_date": "2014-06-26 13:37:48"
    },
    "model": "data_manager.Pest",
    "pk": 135
  },
  {
    "fields": {
      "display_name": "Leafy Spurge (preemergence)",
      "image_url": null,
      "name": "Leafy Spurge (preemergence)",
      "row_entry_date": "2014-06-26 13:37:48"
    },
    "model": "data_manager.Pest",
    "pk": 136
  },
  {
    "fields": {
      "display_name": "Lespedeza (preemergence)",
      "image_url": null,
      "name": "Lespedeza (preemergence)",
      "row_entry_date": "2014-06-26 13:37:48"
    },
    "model": "data_manager.Pest",
    "pk": 137
  },
  {
    "fields": {
      "display_name": "London Rocket",
      "image_url": null,
      "name": "London Rocket",
      "row_entry_date": "2014-06-26 13:37:48"
    },
    "model": "data_manager.Pest",
    "pk": 138
  },
  {
    "fields": {
      "display_name": "London Rocket (preemergence)",
      "image_url": null,
      "name": "London Rocket (preemergence)",
      "row_entry_date": "2014-06-26 13:37:48"
    },
    "model": "data_manager.Pest",
    "pk": 139
  },
  {
    "fields": {
      "display_name": "Marestail (preemergence)",
      "image_url": null,
      "name": "Marestail (preemergence)",
      "row_entry_date": "2014-06-26 13:37:48"
    },
    "model": "data_manager.Pest",
    "pk": 140
  },
  {
    "fields": {
      "display_name": "Mayweed",
      "image_url": null,
      "name": "Mayweed",
      "row_entry_date": "2014-06-26 13:37:48"
    },
    "model": "data_manager.Pest",
    "pk": 141
  },
  {
    "fields": {
      "display_name": "Mayweed (preemergence)",
      "image_url": null,
      "name": "Mayweed (preemergence)",
      "row_entry_date": "2014-06-26 13:37:48"
    },
    "model": "data_manager.Pest",
    "pk": 142
  },
  {
    "fields": {
      "display_name": "Minerslettuce",
      "image_url": null,
      "name": "Minerslettuce",
      "row_entry_date": "2014-06-26 13:37:48"
    },
    "model": "data_manager.Pest",
    "pk": 143
  },
  {
    "fields": {
      "display_name": "Minerslettuce (preemergence)",
      "image_url": null,
      "name": "Minerslettuce (preemergence)",
      "row_entry_date": "2014-06-26 13:37:48"
    },
    "model": "data_manager.Pest",
    "pk": 144
  },
  {
    "fields": {
      "display_name": "Musk Thistle (preemergence)",
      "image_url": null,
      "name": "Musk Thistle (preemergence)",
      "row_entry_date": "2014-06-26 13:37:48"
    },
    "model": "data_manager.Pest",
    "pk": 145
  },
  {
    "fields": {
      "display_name": "Pepperweed",
      "image_url": null,
      "name": "Pepperweed",
      "row_entry_date": "2014-06-26 13:37:48"
    },
    "model": "data_manager.Pest",
    "pk": 146
  },
  {
    "fields": {
      "display_name": "Pepperweed (preemergence)",
      "image_url": null,
      "name": "Pepperweed (preemergence)",
      "row_entry_date": "2014-06-26 13:37:48"
    },
    "model": "data_manager.Pest",
    "pk": 147
  },
  {
    "fields": {
      "display_name": "Perennial Broadleaf Weeds",
      "image_url": null,
      "name": "Perennial Broadleaf Weeds",
      "row_entry_date": "2014-06-26 13:37:48"
    },
    "model": "data_manager.Pest",
    "pk": 148
  },
  {
    "fields": {
      "display_name": "Perennial Pepperweed",
      "image_url": null,
      "name": "Perennial Pepperweed",
      "row_entry_date": "2014-06-26 13:37:48"
    },
    "model": "data_manager.Pest",
    "pk": 149
  },
  {
    "fields": {
      "display_name": "Pineappleweed",
      "image_url": null,
      "name": "Pineappleweed",
      "row_entry_date": "2014-06-26 13:37:48"
    },
    "model": "data_manager.Pest",
    "pk": 150
  },
  {
    "fields": {
      "display_name": "Pineappleweed (preemergence)",
      "image_url": null,
      "name": "Pineappleweed (preemergence)",
      "row_entry_date": "2014-06-26 13:37:48"
    },
    "model": "data_manager.Pest",
    "pk": 151
  },
  {
    "fields": {
      "display_name": "Plantain",
      "image_url": null,
      "name": "Plantain",
      "row_entry_date": "2014-06-26 13:37:48"
    },
    "model": "data_manager.Pest",
    "pk": 152
  },
  {
    "fields": {
      "display_name": "Plantain (preemergence)",
      "image_url": null,
      "name": "Plantain (preemergence)",
      "row_entry_date": "2014-06-26 13:37:48"
    },
    "model": "data_manager.Pest",
    "pk": 153
  },
  {
    "fields": {
      "display_name": "Poison Hemlock (preemergence)",
      "image_url": null,
      "name": "Poison Hemlock (preemergence)",
      "row_entry_date": "2014-06-26 13:37:48"
    },
    "model": "data_manager.Pest",
    "pk": 154
  },
  {
    "fields": {
      "display_name": "Prickly Lettuce (preemergence)",
      "image_url": null,
      "name": "Prickly Lettuce (preemergence)",
      "row_entry_date": "2014-06-26 13:37:48"
    },
    "model": "data_manager.Pest",
    "pk": 155
  },
  {
    "fields": {
      "display_name": "Prostrate Knotweed",
      "image_url": null,
      "name": "Prostrate Knotweed",
      "row_entry_date": "2014-06-26 13:37:48"
    },
    "model": "data_manager.Pest",
    "pk": 156
  },
  {
    "fields": {
      "display_name": "Prostrate Knotweed (preemergence)",
      "image_url": null,
      "name": "Prostrate Knotweed (preemergence)",
      "row_entry_date": "2014-06-26 13:37:48"
    },
    "model": "data_manager.Pest",
    "pk": 157
  },
  {
    "fields": {
      "display_name": "Prostrate Pigweed",
      "image_url": null,
      "name": "Prostrate Pigweed",
      "row_entry_date": "2014-06-26 13:37:48"
    },
    "model": "data_manager.Pest",
    "pk": 158
  },
  {
    "fields": {
      "display_name": "Prostrate Pigweed (preemergence)",
      "image_url": null,
      "name": "Prostrate Pigweed (preemergence)",
      "row_entry_date": "2014-06-26 13:37:48"
    },
    "model": "data_manager.Pest",
    "pk": 159
  },
  {
    "fields": {
      "display_name": "Puncturevine",
      "image_url": null,
      "name": "Puncturevine",
      "row_entry_date": "2014-06-26 13:37:48"
    },
    "model": "data_manager.Pest",
    "pk": 160
  },
  {
    "fields": {
      "display_name": "Puncturevine (preemergence)",
      "image_url": null,
      "name": "Puncturevine (preemergence)",
      "row_entry_date": "2014-06-26 13:37:48"
    },
    "model": "data_manager.Pest",
    "pk": 161
  },
  {
    "fields": {
      "display_name": "Red Clover",
      "image_url": null,
      "name": "Red Clover",
      "row_entry_date": "2014-06-26 13:37:48"
    },
    "model": "data_manager.Pest",
    "pk": 162
  },
  {
    "fields": {
      "display_name": "Red Clover (preemergence)",
      "image_url": null,
      "name": "Red Clover (preemergence)",
      "row_entry_date": "2014-06-26 13:37:48"
    },
    "model": "data_manager.Pest",
    "pk": 163
  },
  {
    "fields": {
      "display_name": "Redroot Pigweed",
      "image_url": null,
      "name": "Redroot Pigweed",
      "row_entry_date": "2014-06-26 13:37:48"
    },
    "model": "data_manager.Pest",
    "pk": 164
  },
  {
    "fields": {
      "display_name": "Redroot Pigweed (preemergence)",
      "image_url": null,
      "name": "Redroot Pigweed (preemergence)",
      "row_entry_date": "2014-06-26 13:37:48"
    },
    "model": "data_manager.Pest",
    "pk": 165
  },
  {
    "fields": {
      "display_name": "Rush Skeletonweed",
      "image_url": null,
      "name": "Rush Skeletonweed",
      "row_entry_date": "2014-06-26 13:37:48"
    },
    "model": "data_manager.Pest",
    "pk": 166
  },
  {
    "fields": {
      "display_name": "Russian Knapweed (preemergence)",
      "image_url": null,
      "name": "Russian Knapweed (preemergence)",
      "row_entry_date": "2014-06-26 13:37:48"
    },
    "model": "data_manager.Pest",
    "pk": 167
  },
  {
    "fields": {
      "display_name": "Scotch Thistle",
      "image_url": null,
      "name": "Scotch Thistle",
      "row_entry_date": "2014-06-26 13:37:48"
    },
    "model": "data_manager.Pest",
    "pk": 168
  },
  {
    "fields": {
      "display_name": "Scouringrush",
      "image_url": null,
      "name": "Scouringrush",
      "row_entry_date": "2014-06-26 13:37:48"
    },
    "model": "data_manager.Pest",
    "pk": 169
  },
  {
    "fields": {
      "display_name": "Shepherdspurse",
      "image_url": null,
      "name": "Shepherdspurse",
      "row_entry_date": "2014-06-26 13:37:48"
    },
    "model": "data_manager.Pest",
    "pk": 170
  },
  {
    "fields": {
      "display_name": "Shepherdspurse (preemergence)",
      "image_url": null,
      "name": "Shepherdspurse (preemergence)",
      "row_entry_date": "2014-06-26 13:37:48"
    },
    "model": "data_manager.Pest",
    "pk": 171
  },
  {
    "fields": {
      "display_name": "Sickle Grass (preemergence)",
      "image_url": null,
      "name": "Sickle Grass (preemergence)",
      "row_entry_date": "2014-06-26 13:37:48"
    },
    "model": "data_manager.Pest",
    "pk": 172
  },
  {
    "fields": {
      "display_name": "Sicklepod",
      "image_url": null,
      "name": "Sicklepod",
      "row_entry_date": "2014-06-26 13:37:48"
    },
    "model": "data_manager.Pest",
    "pk": 173
  },
  {
    "fields": {
      "display_name": "Sicklepod (preemergence)",
      "image_url": null,
      "name": "Sicklepod (preemergence)",
      "row_entry_date": "2014-06-26 13:37:48"
    },
    "model": "data_manager.Pest",
    "pk": 174
  },
  {
    "fields": {
      "display_name": "Smallseed Falseflax",
      "image_url": null,
      "name": "Smallseed Falseflax",
      "row_entry_date": "2014-06-26 13:37:48"
    },
    "model": "data_manager.Pest",
    "pk": 175
  },
  {
    "fields": {
      "display_name": "Smooth Pigweed",
      "image_url": null,
      "name": "Smooth Pigweed",
      "row_entry_date": "2014-06-26 13:37:48"
    },
    "model": "data_manager.Pest",
    "pk": 176
  },
  {
    "fields": {
      "display_name": "Smooth Pigweed (preemergence)",
      "image_url": null,
      "name": "Smooth Pigweed (preemergence)",
      "row_entry_date": "2014-06-26 13:37:48"
    },
    "model": "data_manager.Pest",
    "pk": 177
  },
  {
    "fields": {
      "display_name": "Sowthistle",
      "image_url": null,
      "name": "Sowthistle",
      "row_entry_date": "2014-06-26 13:37:48"
    },
    "model": "data_manager.Pest",
    "pk": 178
  },
  {
    "fields": {
      "display_name": "Sowthistle (preemergence)",
      "image_url": null,
      "name": "Sowthistle (preemergence)",
      "row_entry_date": "2014-06-26 13:37:48"
    },
    "model": "data_manager.Pest",
    "pk": 179
  },
  {
    "fields": {
      "display_name": "Speedwell",
      "image_url": null,
      "name": "Speedwell",
      "row_entry_date": "2014-06-26 13:37:48"
    },
    "model": "data_manager.Pest",
    "pk": 180
  },
  {
    "fields": {
      "display_name": "Speedwell (preemergence)",
      "image_url": null,
      "name": "Speedwell (preemergence)",
      "row_entry_date": "2014-06-26 13:37:48"
    },
    "model": "data_manager.Pest",
    "pk": 181
  },
  {
    "fields": {
      "display_name": "Spikeweed",
      "image_url": null,
      "name": "Spikeweed",
      "row_entry_date": "2014-06-26 13:37:48"
    },
    "model": "data_manager.Pest",
    "pk": 182
  },
  {
    "fields": {
      "display_name": "Spreading Orach",
      "image_url": null,
      "name": "Spreading Orach",
      "row_entry_date": "2014-06-26 13:37:48"
    },
    "model": "data_manager.Pest",
    "pk": 183
  },
  {
    "fields": {
      "display_name": "Spreading Orach (preemergence)",
      "image_url": null,
      "name": "Spreading Orach (preemergence)",
      "row_entry_date": "2014-06-26 13:37:48"
    },
    "model": "data_manager.Pest",
    "pk": 184
  },
  {
    "fields": {
      "display_name": "Sweetclover",
      "image_url": null,
      "name": "Sweetclover",
      "row_entry_date": "2014-06-26 13:37:48"
    },
    "model": "data_manager.Pest",
    "pk": 185
  },
  {
    "fields": {
      "display_name": "Sweetclover (preemergence)",
      "image_url": null,
      "name": "Sweetclover (preemergence)",
      "row_entry_date": "2014-06-26 13:37:48"
    },
    "model": "data_manager.Pest",
    "pk": 186
  },
  {
    "fields": {
      "display_name": "Tansy",
      "image_url": null,
      "name": "Tansy",
      "row_entry_date": "2014-06-26 13:37:48"
    },
    "model": "data_manager.Pest",
    "pk": 187
  },
  {
    "fields": {
      "display_name": "Tansy Ragwort",
      "image_url": null,
      "name": "Tansy Ragwort",
      "row_entry_date": "2014-06-26 13:37:48"
    },
    "model": "data_manager.Pest",
    "pk": 188
  },
  {
    "fields": {
      "display_name": "Tansy Ragwort (preemergence)",
      "image_url": null,
      "name": "Tansy Ragwort (preemergence)",
      "row_entry_date": "2014-06-26 13:37:48"
    },
    "model": "data_manager.Pest",
    "pk": 189
  },
  {
    "fields": {
      "display_name": "Tansymustard",
      "image_url": null,
      "name": "Tansymustard",
      "row_entry_date": "2014-06-26 13:37:48"
    },
    "model": "data_manager.Pest",
    "pk": 190
  },
  {
    "fields": {
      "display_name": "Tansymustard (preemergence)",
      "image_url": null,
      "name": "Tansymustard (preemergence)",
      "row_entry_date": "2014-06-26 13:37:48"
    },
    "model": "data_manager.Pest",
    "pk": 191
  },
  {
    "fields": {
      "display_name": "Tarweed",
      "image_url": null,
      "name": "Tarweed",
      "row_entry_date": "2014-06-26 13:37:48"
    },
    "model": "data_manager.Pest",
    "pk": 192
  },
  {
    "fields": {
      "display_name": "Tarweed (preemergence)",
      "image_url": null,
      "name": "Tarweed (preemergence)",
      "row_entry_date": "2014-06-26 13:37:48"
    },
    "model": "data_manager.Pest",
    "pk": 193
  },
  {
    "fields": {
      "display_name": "Treacle Mustard",
      "image_url": null,
      "name": "Treacle Mustard",
      "row_entry_date": "2014-06-26 13:37:48"
    },
    "model": "data_manager.Pest",
    "pk": 194
  },
  {
    "fields": {
      "display_name": "Treacle Mustard (preemergence)",
      "image_url": null,
      "name": "Treacle Mustard (preemergence)",
      "row_entry_date": "2014-06-26 13:37:48"
    },
    "model": "data_manager.Pest",
    "pk": 195
  },
  {
    "fields": {
      "display_name": "Tumble Mustard",
      "image_url": null,
      "name": "Tumble Mustard",
      "row_entry_date": "2014-06-26 13:37:48"
    },
    "model": "data_manager.Pest",
    "pk": 196
  },
  {
    "fields": {
      "display_name": "Tumble Mustard (preemergence)",
      "image_url": null,
      "name": "Tumble Mustard (preemergence)",
      "row_entry_date": "2014-06-26 13:37:48"
    },
    "model": "data_manager.Pest",
    "pk": 197
  },
  {
    "fields": {
      "display_name": "Tumble Pigweed",
      "image_url": null,
      "name": "Tumble Pigweed",
      "row_entry_date": "2014-06-26 13:37:48"
    },
    "model": "data_manager.Pest",
    "pk": 198
  },
  {
    "fields": {
      "display_name": "Tumble Pigweed (preemergence)",
      "image_url": null,
      "name": "Tumble Pigweed (preemergence)",
      "row_entry_date": "2014-06-26 13:37:48"
    },
    "model": "data_manager.Pest",
    "pk": 199
  },
  {
    "fields": {
      "display_name": "Turkey Mullein (preemergence)",
      "image_url": null,
      "name": "Turkey Mullein (preemergence)",
      "row_entry_date": "2014-06-26 13:37:48"
    },
    "model": "data_manager.Pest",
    "pk": 200
  },
  {
    "fields": {
      "display_name": "Western Ragweed (preemergence)",
      "image_url": null,
      "name": "Western Ragweed (preemergence)",
      "row_entry_date": "2014-06-26 13:37:48"
    },
    "model": "data_manager.Pest",
    "pk": 201
  },
  {
    "fields": {
      "display_name": "White Clover (preemergence)",
      "image_url": null,
      "name": "White Clover (preemergence)",
      "row_entry_date": "2014-06-26 13:37:48"
    },
    "model": "data_manager.Pest",
    "pk": 202
  },
  {
    "fields": {
      "display_name": "Whitetop",
      "image_url": null,
      "name": "Whitetop",
      "row_entry_date": "2014-06-26 13:37:48"
    },
    "model": "data_manager.Pest",
    "pk": 203
  },
  {
    "fields": {
      "display_name": "Whitetop (preemergence)",
      "image_url": null,
      "name": "Whitetop (preemergence)",
      "row_entry_date": "2014-06-26 13:37:48"
    },
    "model": "data_manager.Pest",
    "pk": 204
  },
  {
    "fields": {
      "display_name": "Wild Buckwheat",
      "image_url": null,
      "name": "Wild Buckwheat",
      "row_entry_date": "2014-06-26 13:37:48"
    },
    "model": "data_manager.Pest",
    "pk": 205
  },
  {
    "fields": {
      "display_name": "Wild Buckwheat (preemergence)",
      "image_url": null,
      "name": "Wild Buckwheat (preemergence)",
      "row_entry_date": "2014-06-26 13:37:48"
    },
    "model": "data_manager.Pest",
    "pk": 206
  },
  {
    "fields": {
      "display_name": "Wild Carrot",
      "image_url": null,
      "name": "Wild Carrot",
      "row_entry_date": "2014-06-26 13:37:48"
    },
    "model": "data_manager.Pest",
    "pk": 207
  },
  {
    "fields": {
      "display_name": "Wild Carrot (preemergence)",
      "image_url": null,
      "name": "Wild Carrot (preemergence)",
      "row_entry_date": "2014-06-26 13:37:48"
    },
    "model": "data_manager.Pest",
    "pk": 208
  },
  {
    "fields": {
      "display_name": "Wild Garlic",
      "image_url": null,
      "name": "Wild Garlic",
      "row_entry_date": "2014-06-26 13:37:48"
    },
    "model": "data_manager.Pest",
    "pk": 209
  },
  {
    "fields": {
      "display_name": "Wild Garlic (preemergence)",
      "image_url": null,
      "name": "Wild Garlic (preemergence)",
      "row_entry_date": "2014-06-26 13:37:48"
    },
    "model": "data_manager.Pest",
    "pk": 210
  },
  {
    "fields": {
      "display_name": "Wild Mustard",
      "image_url": null,
      "name": "Wild Mustard",
      "row_entry_date": "2014-06-26 13:37:48"
    },
    "model": "data_manager.Pest",
    "pk": 211
  },
  {
    "fields": {
      "display_name": "Wild Mustard (preemergence)",
      "image_url": null,
      "name": "Wild Mustard (preemergence)",
      "row_entry_date": "2014-06-26 13:37:48"
    },
    "model": "data_manager.Pest",
    "pk": 212
  },
  {
    "fields": {
      "display_name": "Wild Onion",
      "image_url": null,
      "name": "Wild Onion",
      "row_entry_date": "2014-06-26 13:37:48"
    },
    "model": "data_manager.Pest",
    "pk": 213
  },
  {
    "fields": {
      "display_name": "Wild Onion (preemergence)",
      "image_url": null,
      "name": "Wild Onion (preemergence)",
      "row_entry_date": "2014-06-26 13:37:48"
    },
    "model": "data_manager.Pest",
    "pk": 214
  },
  {
    "fields": {
      "display_name": "Wild Parsnip",
      "image_url": null,
      "name": "Wild Parsnip",
      "row_entry_date": "2014-06-26 13:37:48"
    },
    "model": "data_manager.Pest",
    "pk": 215
  },
  {
    "fields": {
      "display_name": "Wild Parsnip (preemergence)",
      "image_url": null,
      "name": "Wild Parsnip (preemergence)",
      "row_entry_date": "2014-06-26 13:37:48"
    },
    "model": "data_manager.Pest",
    "pk": 216
  },
  {
    "fields": {
      "display_name": "Yellow Starthistle (preemergence)",
      "image_url": null,
      "name": "Yellow Starthistle (preemergence)",
      "row_entry_date": "2014-06-26 13:37:48"
    },
    "model": "data_manager.Pest",
    "pk": 217
  },
  {
    "fields": {
      "name": "2-Chloro-N-(((4-methoxy-6-methyl-1,3,5-triazin-2-yl)amino)carbonyl)benzenesulfonamide",
      "row_entry_date": "2014-06-26 13:37:48"
    },
    "model": "data_manager.ActiveIngredient",
    "pk": 100
  },
  {
    "fields": {
      "active_ingredient": 100,
      "brand_name": "DUPONT PERSPECTIVE HERBICIDE",
      "percentage_active_ingredient": "15.8",
      "row_entry_date": "2014-06-26 13:37:48"
    },
    "model": "data_manager.BrandFormulation",
    "pk": 2
  },
  {
    "fields": {
      "active_ingredient": 34,
      "brand_name": "DUPONT PERSPECTIVE HERBICIDE",
      "percentage_active_ingredient": "39.5",
      "row_entry_date": "2014-06-26 13:37:48"
    },
    "model": "data_manager.BrandFormulation",
    "pk": 3
  },
  {
    "fields": {
      "active_ingredients": [],
      "application_areas": [
        1,
        2,
        27,
        4,
        28,
        29,
        30,
        6,
        7,
        31,
        32,
        9,
        10,
        33,
        12,
        34,
        13,
        14,
        35,
        36,
        37,
        18,
        19,
        38,
        39,
        20,
        21,
        40,
        22,
        41,
        42,
        24,
        25,
        26,
        43,
        44,
        45,
        46,
        47
      ],
      "company_name": [
        1
      ],
      "company_number": 352,
      "epa_registration_number": "352-846",
      "formulation": "Water Dispersible Granules",
      "label_url": "http://www.kellysolutions.com/erenewals/documentsubmit/KellyData\\SC\\pesticide\\Product%20Label\\352\\352%2D846\\352%2D846%5FDUPONT%5FPERSPECTIVE%5FHERBICIDE%5F4%5F25%5F2014%5F11%5F16%5F47%5FAM%2Epdf",
      "name": "DUPONT PERSPECTIVE HERBICIDE",
      "pests_treated": [
        54,
        55,
        56,
        57,
        58,
        59,
        60,
        61,
        62,
        63,
        3,
        64,
        65,
        66,
        67,
        68,
        69,
        70,
        71,
        72,
        73,
        74,
        6,
        75,
        76,
        77,
        78,
        79,
        80,
        81,
        82,
        83,
        84,
        85,
        86,
        87,
        88,
        89,
        90,
        9,
        91,
        92,
        93,
        94,
        95,
        96,
        97,
        98,
        99,
        100,
        101,
        102,
        103,
        104,
        105,
        14,
        106,
        107,
        108,
        109,
        110,
        111,
        17,
        112,
        113,
        114,
        115,
        116,
        117,
        118,
        119,
        120,
        121,
        122,
        123,
        124,
        125,
        126,
        127,
        128,
        129,
        130,
        131,
        132,
        22,
        133,
        134,
        135,
        23,
        136,
        24,
        137,
        138,
        139,
        25,
        140,
        141,
        142,
        143,
        144,
        27,
        145,
        28,
        146,
        147,
        148,
        149,
        150,
        151,
        152,
        153,
        30,
        154,
        32,
        155,
        156,
        157,
        158,
        159,
        160,
        161,
        162,
        163,
        164,
        165,
        166,
        34,
        167,
        168,
        169,
        170,
        171,
        172,
        173,
        174,
        175,
        176,
        177,
        178,
        179,
        180,
        181,
        182,
        38,
        183,
        184,
        185,
        186,
        42,
        187,
        188,
        189,
        190,
        191,
        192,
        193,
        43,
        194,
        195,
        196,
        197,
        198,
        199,
        45,
        200,
        47,
        201,
        49,
        202,
        203,
        204,
        205,
        206,
        207,
        208,
        209,
        210,
        211,
        212,
        213,
        214,
        215,
        216,
        53,
        217
      ],
      "restricted_use": false,
      "row_entry_date": "2014-06-26 13:37:48",
      "special_local_need": false
    },
    "model": "data_manager.Brand",
    "pk": 3
  },
  {
    "fields": {
      "name": "Crested Wheatgrass (ornamental Turf) (foliar Treatment)",
      "row_entry_date": "2014-06-26 13:37:48"
    },
    "model": "data_manager.ApplicationArea",
    "pk": 48
  },
  {
    "fields": {
      "name": "Western Wheatgrass (foliar Treatment)",
      "row_entry_date": "2014-06-26 13:37:48"
    },
    "model": "data_manager.ApplicationArea",
    "pk": 49
  },
  {
    "fields": {
      "display_name": "Annual Sowthistle",
      "image_url": null,
      "name": "Annual Sowthistle",
      "row_entry_date": "2014-06-26 13:37:48"
    },
    "model": "data_manager.Pest",
    "pk": 218
  },
  {
    "fields": {
      "display_name": "Annual Sowthistle (preemergence)",
      "image_url": null,
      "name": "Annual Sowthistle (preemergence)",
      "row_entry_date": "2014-06-26 13:37:48"
    },
    "model": "data_manager.Pest",
    "pk": 219
  },
  {
    "fields": {
      "display_name": "Ash",
      "image_url": null,
      "name": "Ash",
      "row_entry_date": "2014-06-26 13:37:48"
    },
    "model": "data_manager.Pest",
    "pk": 220
  },
  {
    "fields": {
      "display_name": "Ash (preemergence)",
      "image_url": null,
      "name": "Ash (preemergence)",
      "row_entry_date": "2014-06-26 13:37:48"
    },
    "model": "data_manager.Pest",
    "pk": 221
  },
  {
    "fields": {
      "display_name": "Aspen",
      "image_url": null,
      "name": "Aspen",
      "row_entry_date": "2014-06-26 13:37:48"
    },
    "model": "data_manager.Pest",
    "pk": 222
  },
  {
    "fields": {
      "display_name": "Baccharis",
      "image_url": null,
      "name": "Baccharis",
      "row_entry_date": "2014-06-26 13:37:48"
    },
    "model": "data_manager.Pest",
    "pk": 223
  },
  {
    "fields": {
      "display_name": "Bahiagrass",
      "image_url": null,
      "name": "Bahiagrass",
      "row_entry_date": "2014-06-26 13:37:48"
    },
    "model": "data_manager.Pest",
    "pk": 224
  },
  {
    "fields": {
      "display_name": "Bahiagrass (preemergence)",
      "image_url": null,
      "name": "Bahiagrass (preemergence)",
      "row_entry_date": "2014-06-26 13:37:48"
    },
    "model": "data_manager.Pest",
    "pk": 225
  },
  {
    "fields": {
      "display_name": "Beebalm",
      "image_url": null,
      "name": "Beebalm",
      "row_entry_date": "2014-06-26 13:37:48"
    },
    "model": "data_manager.Pest",
    "pk": 226
  },
  {
    "fields": {
      "display_name": "Bitter Sneezeweed",
      "image_url": null,
      "name": "Bitter Sneezeweed",
      "row_entry_date": "2014-06-26 13:37:48"
    },
    "model": "data_manager.Pest",
    "pk": 227
  },
  {
    "fields": {
      "display_name": "Bittercress",
      "image_url": null,
      "name": "Bittercress",
      "row_entry_date": "2014-06-26 13:37:48"
    },
    "model": "data_manager.Pest",
    "pk": 228
  },
  {
    "fields": {
      "display_name": "Bittercress (preemergence)",
      "image_url": null,
      "name": "Bittercress (preemergence)",
      "row_entry_date": "2014-06-26 13:37:48"
    },
    "model": "data_manager.Pest",
    "pk": 229
  },
  {
    "fields": {
      "display_name": "Black Henbane",
      "image_url": null,
      "name": "Black Henbane",
      "row_entry_date": "2014-06-26 13:37:48"
    },
    "model": "data_manager.Pest",
    "pk": 230
  },
  {
    "fields": {
      "display_name": "Black Spruce",
      "image_url": null,
      "name": "Black Spruce",
      "row_entry_date": "2014-06-26 13:37:48"
    },
    "model": "data_manager.Pest",
    "pk": 231
  },
  {
    "fields": {
      "display_name": "Blackberry",
      "image_url": null,
      "name": "Blackberry",
      "row_entry_date": "2014-06-26 13:37:48"
    },
    "model": "data_manager.Pest",
    "pk": 232
  },
  {
    "fields": {
      "display_name": "Blackberry (preemergence)",
      "image_url": null,
      "name": "Blackberry (preemergence)",
      "row_entry_date": "2014-06-26 13:37:48"
    },
    "model": "data_manager.Pest",
    "pk": 233
  },
  {
    "fields": {
      "display_name": "Blackeyedsusan",
      "image_url": null,
      "name": "Blackeyedsusan",
      "row_entry_date": "2014-06-26 13:37:48"
    },
    "model": "data_manager.Pest",
    "pk": 234
  },
  {
    "fields": {
      "display_name": "Blackeyedsusan (preemergence)",
      "image_url": null,
      "name": "Blackeyedsusan (preemergence)",
      "row_entry_date": "2014-06-26 13:37:48"
    },
    "model": "data_manager.Pest",
    "pk": 235
  },
  {
    "fields": {
      "display_name": "Boxelder (preemergence)",
      "image_url": null,
      "name": "Boxelder (preemergence)",
      "row_entry_date": "2014-06-26 13:37:48"
    },
    "model": "data_manager.Pest",
    "pk": 236
  },
  {
    "fields": {
      "display_name": "Broom Snakeweed",
      "image_url": null,
      "name": "Broom Snakeweed",
      "row_entry_date": "2014-06-26 13:37:48"
    },
    "model": "data_manager.Pest",
    "pk": 237
  },
  {
    "fields": {
      "display_name": "Burr Buttercup",
      "image_url": null,
      "name": "Burr Buttercup",
      "row_entry_date": "2014-06-26 13:37:48"
    },
    "model": "data_manager.Pest",
    "pk": 238
  },
  {
    "fields": {
      "display_name": "Burr Buttercup (preemergence)",
      "image_url": null,
      "name": "Burr Buttercup (preemergence)",
      "row_entry_date": "2014-06-26 13:37:48"
    },
    "model": "data_manager.Pest",
    "pk": 239
  },
  {
    "fields": {
      "display_name": "Camelthorn",
      "image_url": null,
      "name": "Camelthorn",
      "row_entry_date": "2014-06-26 13:37:48"
    },
    "model": "data_manager.Pest",
    "pk": 240
  },
  {
    "fields": {
      "display_name": "Cherry",
      "image_url": null,
      "name": "Cherry",
      "row_entry_date": "2014-06-26 13:37:48"
    },
    "model": "data_manager.Pest",
    "pk": 241
  },
  {
    "fields": {
      "display_name": "Cherry (preemergence)",
      "image_url": null,
      "name": "Cherry (preemergence)",
      "row_entry_date": "2014-06-26 13:37:48"
    },
    "model": "data_manager.Pest",
    "pk": 242
  },
  {
    "fields": {
      "display_name": "Chicory",
      "image_url": null,
      "name": "Chicory",
      "row_entry_date": "2014-06-26 13:37:48"
    },
    "model": "data_manager.Pest",
    "pk": 243
  },
  {
    "fields": {
      "display_name": "Chinese Tallowtree",
      "image_url": null,
      "name": "Chinese Tallowtree",
      "row_entry_date": "2014-06-26 13:37:48"
    },
    "model": "data_manager.Pest",
    "pk": 244
  },
  {
    "fields": {
      "display_name": "Chinese Tallowtree (preemergence)",
      "image_url": null,
      "name": "Chinese Tallowtree (preemergence)",
      "row_entry_date": "2014-06-26 13:37:48"
    },
    "model": "data_manager.Pest",
    "pk": 245
  },
  {
    "fields": {
      "display_name": "Cocklebur",
      "image_url": null,
      "name": "Cocklebur",
      "row_entry_date": "2014-06-26 13:37:48"
    },
    "model": "data_manager.Pest",
    "pk": 246
  },
  {
    "fields": {
      "display_name": "Cocklebur (preemergence)",
      "image_url": null,
      "name": "Cocklebur (preemergence)",
      "row_entry_date": "2014-06-26 13:37:48"
    },
    "model": "data_manager.Pest",
    "pk": 247
  },
  {
    "fields": {
      "display_name": "Common Chickweed",
      "image_url": null,
      "name": "Common Chickweed",
      "row_entry_date": "2014-06-26 13:37:48"
    },
    "model": "data_manager.Pest",
    "pk": 248
  },
  {
    "fields": {
      "display_name": "Common Chickweed (preemergence)",
      "image_url": null,
      "name": "Common Chickweed (preemergence)",
      "row_entry_date": "2014-06-26 13:37:48"
    },
    "model": "data_manager.Pest",
    "pk": 249
  },
  {
    "fields": {
      "display_name": "Common Crupina",
      "image_url": null,
      "name": "Common Crupina",
      "row_entry_date": "2014-06-26 13:37:48"
    },
    "model": "data_manager.Pest",
    "pk": 250
  },
  {
    "fields": {
      "display_name": "Common Purslane",
      "image_url": null,
      "name": "Common Purslane",
      "row_entry_date": "2014-06-26 13:37:48"
    },
    "model": "data_manager.Pest",
    "pk": 251
  },
  {
    "fields": {
      "display_name": "Common Purslane (preemergence)",
      "image_url": null,
      "name": "Common Purslane (preemergence)",
      "row_entry_date": "2014-06-26 13:37:48"
    },
    "model": "data_manager.Pest",
    "pk": 252
  },
  {
    "fields": {
      "display_name": "Common Sowthistle (preemergence)",
      "image_url": null,
      "name": "Common Sowthistle (preemergence)",
      "row_entry_date": "2014-06-26 13:37:48"
    },
    "model": "data_manager.Pest",
    "pk": 253
  },
  {
    "fields": {
      "display_name": "Common Tansy",
      "image_url": null,
      "name": "Common Tansy",
      "row_entry_date": "2014-06-26 13:37:48"
    },
    "model": "data_manager.Pest",
    "pk": 254
  },
  {
    "fields": {
      "display_name": "Common Yarrow (preemergence)",
      "image_url": null,
      "name": "Common Yarrow (preemergence)",
      "row_entry_date": "2014-06-26 13:37:48"
    },
    "model": "data_manager.Pest",
    "pk": 255
  },
  {
    "fields": {
      "display_name": "Corn Cockle",
      "image_url": null,
      "name": "Corn Cockle",
      "row_entry_date": "2014-06-26 13:37:48"
    },
    "model": "data_manager.Pest",
    "pk": 256
  },
  {
    "fields": {
      "display_name": "Corn Cockle (preemergence)",
      "image_url": null,
      "name": "Corn Cockle (preemergence)",
      "row_entry_date": "2014-06-26 13:37:48"
    },
    "model": "data_manager.Pest",
    "pk": 257
  },
  {
    "fields": {
      "display_name": "Crownvetch",
      "image_url": null,
      "name": "Crownvetch",
      "row_entry_date": "2014-06-26 13:37:48"
    },
    "model": "data_manager.Pest",
    "pk": 258
  },
  {
    "fields": {
      "display_name": "Dalmatian Toadflax",
      "image_url": null,
      "name": "Dalmatian Toadflax",
      "row_entry_date": "2014-06-26 13:37:48"
    },
    "model": "data_manager.Pest",
    "pk": 259
  },
  {
    "fields": {
      "display_name": "Dewberry (preemergence)",
      "image_url": null,
      "name": "Dewberry (preemergence)",
      "row_entry_date": "2014-06-26 13:37:48"
    },
    "model": "data_manager.Pest",
    "pk": 260
  },
  {
    "fields": {
      "display_name": "Dogfennel",
      "image_url": null,
      "name": "Dogfennel",
      "row_entry_date": "2014-06-26 13:37:48"
    },
    "model": "data_manager.Pest",
    "pk": 261
  },
  {
    "fields": {
      "display_name": "Dogfennel (preemergence)",
      "image_url": null,
      "name": "Dogfennel (preemergence)",
      "row_entry_date": "2014-06-26 13:37:48"
    },
    "model": "data_manager.Pest",
    "pk": 262
  },
  {
    "fields": {
      "display_name": "Eastern Red Cedar",
      "image_url": null,
      "name": "Eastern Red Cedar",
      "row_entry_date": "2014-06-26 13:37:48"
    },
    "model": "data_manager.Pest",
    "pk": 263
  },
  {
    "fields": {
      "display_name": "Elderberry",
      "image_url": null,
      "name": "Elderberry",
      "row_entry_date": "2014-06-26 13:37:48"
    },
    "model": "data_manager.Pest",
    "pk": 264
  },
  {
    "fields": {
      "display_name": "Elderberry (preemergence)",
      "image_url": null,
      "name": "Elderberry (preemergence)",
      "row_entry_date": "2014-06-26 13:37:48"
    },
    "model": "data_manager.Pest",
    "pk": 265
  },
  {
    "fields": {
      "display_name": "Elm (preemergence)",
      "image_url": null,
      "name": "Elm (preemergence)",
      "row_entry_date": "2014-06-26 13:37:48"
    },
    "model": "data_manager.Pest",
    "pk": 266
  },
  {
    "fields": {
      "display_name": "Fir",
      "image_url": null,
      "name": "Fir",
      "row_entry_date": "2014-06-26 13:37:48"
    },
    "model": "data_manager.Pest",
    "pk": 267
  },
  {
    "fields": {
      "display_name": "Garlic Mustard",
      "image_url": null,
      "name": "Garlic Mustard",
      "row_entry_date": "2014-06-26 13:37:48"
    },
    "model": "data_manager.Pest",
    "pk": 268
  },
  {
    "fields": {
      "display_name": "Gorse",
      "image_url": null,
      "name": "Gorse",
      "row_entry_date": "2014-06-26 13:37:48"
    },
    "model": "data_manager.Pest",
    "pk": 269
  },
  {
    "fields": {
      "display_name": "Greasewood",
      "image_url": null,
      "name": "Greasewood",
      "row_entry_date": "2014-06-26 13:37:48"
    },
    "model": "data_manager.Pest",
    "pk": 270
  },
  {
    "fields": {
      "display_name": "Gumweed",
      "image_url": null,
      "name": "Gumweed",
      "row_entry_date": "2014-06-26 13:37:48"
    },
    "model": "data_manager.Pest",
    "pk": 271
  },
  {
    "fields": {
      "display_name": "Gumweed (preemergence)",
      "image_url": null,
      "name": "Gumweed (preemergence)",
      "row_entry_date": "2014-06-26 13:37:48"
    },
    "model": "data_manager.Pest",
    "pk": 272
  },
  {
    "fields": {
      "display_name": "Hawthorn",
      "image_url": null,
      "name": "Hawthorn",
      "row_entry_date": "2014-06-26 13:37:48"
    },
    "model": "data_manager.Pest",
    "pk": 273
  },
  {
    "fields": {
      "display_name": "Hawthorn (preemergence)",
      "image_url": null,
      "name": "Hawthorn (preemergence)",
      "row_entry_date": "2014-06-26 13:37:48"
    },
    "model": "data_manager.Pest",
    "pk": 274
  },
  {
    "fields": {
      "display_name": "Honeysuckle",
      "image_url": null,
      "name": "Honeysuckle",
      "row_entry_date": "2014-06-26 13:37:48"
    },
    "model": "data_manager.Pest",
    "pk": 275
  },
  {
    "fields": {
      "display_name": "Honeysuckle (preemergence)",
      "image_url": null,
      "name": "Honeysuckle (preemergence)",
      "row_entry_date": "2014-06-26 13:37:48"
    },
    "model": "data_manager.Pest",
    "pk": 276
  },
  {
    "fields": {
      "display_name": "Kudzu",
      "image_url": null,
      "name": "Kudzu",
      "row_entry_date": "2014-06-26 13:37:48"
    },
    "model": "data_manager.Pest",
    "pk": 277
  },
  {
    "fields": {
      "display_name": "Kudzu (preemergence)",
      "image_url": null,
      "name": "Kudzu (preemergence)",
      "row_entry_date": "2014-06-26 13:37:48"
    },
    "model": "data_manager.Pest",
    "pk": 278
  },
  {
    "fields": {
      "display_name": "Larkspur",
      "image_url": null,
      "name": "Larkspur",
      "row_entry_date": "2014-06-26 13:37:48"
    },
    "model": "data_manager.Pest",
    "pk": 279
  },
  {
    "fields": {
      "display_name": "Lupine",
      "image_url": null,
      "name": "Lupine",
      "row_entry_date": "2014-06-26 13:37:48"
    },
    "model": "data_manager.Pest",
    "pk": 280
  },
  {
    "fields": {
      "display_name": "Lupines (preemergence)",
      "image_url": null,
      "name": "Lupines (preemergence)",
      "row_entry_date": "2014-06-26 13:37:48"
    },
    "model": "data_manager.Pest",
    "pk": 281
  },
  {
    "fields": {
      "display_name": "Maximilian Sunflower",
      "image_url": null,
      "name": "Maximilian Sunflower",
      "row_entry_date": "2014-06-26 13:37:48"
    },
    "model": "data_manager.Pest",
    "pk": 282
  },
  {
    "fields": {
      "display_name": "Mulberry",
      "image_url": null,
      "name": "Mulberry",
      "row_entry_date": "2014-06-26 13:37:48"
    },
    "model": "data_manager.Pest",
    "pk": 283
  },
  {
    "fields": {
      "display_name": "Mulberry (preemergence)",
      "image_url": null,
      "name": "Mulberry (preemergence)",
      "row_entry_date": "2014-06-26 13:37:48"
    },
    "model": "data_manager.Pest",
    "pk": 284
  },
  {
    "fields": {
      "display_name": "Multiflora Rose",
      "image_url": null,
      "name": "Multiflora Rose",
      "row_entry_date": "2014-06-26 13:37:48"
    },
    "model": "data_manager.Pest",
    "pk": 285
  },
  {
    "fields": {
      "display_name": "Multiflora Rose (preemergence)",
      "image_url": null,
      "name": "Multiflora Rose (preemergence)",
      "row_entry_date": "2014-06-26 13:37:48"
    },
    "model": "data_manager.Pest",
    "pk": 286
  },
  {
    "fields": {
      "display_name": "Oak",
      "image_url": null,
      "name": "Oak",
      "row_entry_date": "2014-06-26 13:37:48"
    },
    "model": "data_manager.Pest",
    "pk": 287
  },
  {
    "fields": {
      "display_name": "Oak (preemergence)",
      "image_url": null,
      "name": "Oak (preemergence)",
      "row_entry_date": "2014-06-26 13:37:48"
    },
    "model": "data_manager.Pest",
    "pk": 288
  },
  {
    "fields": {
      "display_name": "Osageorange",
      "image_url": null,
      "name": "Osageorange",
      "row_entry_date": "2014-06-26 13:37:48"
    },
    "model": "data_manager.Pest",
    "pk": 289
  },
  {
    "fields": {
      "display_name": "Oxeye Daisy",
      "image_url": null,
      "name": "Oxeye Daisy",
      "row_entry_date": "2014-06-26 13:37:48"
    },
    "model": "data_manager.Pest",
    "pk": 290
  },
  {
    "fields": {
      "display_name": "Oxeye Daisy (preemergence)",
      "image_url": null,
      "name": "Oxeye Daisy (preemergence)",
      "row_entry_date": "2014-06-26 13:37:48"
    },
    "model": "data_manager.Pest",
    "pk": 291
  },
  {
    "fields": {
      "display_name": "Pennsylvania Smartweed",
      "image_url": null,
      "name": "Pennsylvania Smartweed",
      "row_entry_date": "2014-06-26 13:37:48"
    },
    "model": "data_manager.Pest",
    "pk": 292
  },
  {
    "fields": {
      "display_name": "Pennsylvania Smartweed (preemergence)",
      "image_url": null,
      "name": "Pennsylvania Smartweed (preemergence)",
      "row_entry_date": "2014-06-26 13:37:48"
    },
    "model": "data_manager.Pest",
    "pk": 293
  },
  {
    "fields": {
      "display_name": "Persimmon Common",
      "image_url": null,
      "name": "Persimmon Common",
      "row_entry_date": "2014-06-26 13:37:48"
    },
    "model": "data_manager.Pest",
    "pk": 294
  },
  {
    "fields": {
      "display_name": "Plains Coreopsis",
      "image_url": null,
      "name": "Plains Coreopsis",
      "row_entry_date": "2014-06-26 13:37:48"
    },
    "model": "data_manager.Pest",
    "pk": 295
  },
  {
    "fields": {
      "display_name": "Plumeless Thistle",
      "image_url": null,
      "name": "Plumeless Thistle",
      "row_entry_date": "2014-06-26 13:37:48"
    },
    "model": "data_manager.Pest",
    "pk": 296
  },
  {
    "fields": {
      "display_name": "Poison Ivy (preemergence)",
      "image_url": null,
      "name": "Poison Ivy (preemergence)",
      "row_entry_date": "2014-06-26 13:37:48"
    },
    "model": "data_manager.Pest",
    "pk": 297
  },
  {
    "fields": {
      "display_name": "Purple Loose Strife",
      "image_url": null,
      "name": "Purple Loose Strife",
      "row_entry_date": "2014-06-26 13:37:48"
    },
    "model": "data_manager.Pest",
    "pk": 298
  },
  {
    "fields": {
      "display_name": "Red Maple (preemergence)",
      "image_url": null,
      "name": "Red Maple (preemergence)",
      "row_entry_date": "2014-06-26 13:37:48"
    },
    "model": "data_manager.Pest",
    "pk": 299
  },
  {
    "fields": {
      "display_name": "Redstem Filaree",
      "image_url": null,
      "name": "Redstem Filaree",
      "row_entry_date": "2014-06-26 13:37:48"
    },
    "model": "data_manager.Pest",
    "pk": 300
  },
  {
    "fields": {
      "display_name": "Redstem Filaree (preemergence)",
      "image_url": null,
      "name": "Redstem Filaree (preemergence)",
      "row_entry_date": "2014-06-26 13:37:48"
    },
    "model": "data_manager.Pest",
    "pk": 301
  },
  {
    "fields": {
      "display_name": "Rosering Gaillardia",
      "image_url": null,
      "name": "Rosering Gaillardia",
      "row_entry_date": "2014-06-26 13:37:48"
    },
    "model": "data_manager.Pest",
    "pk": 302
  },
  {
    "fields": {
      "display_name": "Rough Fleabane",
      "image_url": null,
      "name": "Rough Fleabane",
      "row_entry_date": "2014-06-26 13:37:48"
    },
    "model": "data_manager.Pest",
    "pk": 303
  },
  {
    "fields": {
      "display_name": "Rough Fleabane (preemergence)",
      "image_url": null,
      "name": "Rough Fleabane (preemergence)",
      "row_entry_date": "2014-06-26 13:37:48"
    },
    "model": "data_manager.Pest",
    "pk": 304
  },
  {
    "fields": {
      "display_name": "Russian Thistle (preemergence)",
      "image_url": null,
      "name": "Russian Thistle (preemergence)",
      "row_entry_date": "2014-06-26 13:37:48"
    },
    "model": "data_manager.Pest",
    "pk": 305
  },
  {
    "fields": {
      "display_name": "Salmonberry",
      "image_url": null,
      "name": "Salmonberry",
      "row_entry_date": "2014-06-26 13:37:48"
    },
    "model": "data_manager.Pest",
    "pk": 306
  },
  {
    "fields": {
      "display_name": "Salsify",
      "image_url": null,
      "name": "Salsify",
      "row_entry_date": "2014-06-26 13:37:48"
    },
    "model": "data_manager.Pest",
    "pk": 307
  },
  {
    "fields": {
      "display_name": "Salsify (preemergence)",
      "image_url": null,
      "name": "Salsify (preemergence)",
      "row_entry_date": "2014-06-26 13:37:48"
    },
    "model": "data_manager.Pest",
    "pk": 308
  },
  {
    "fields": {
      "display_name": "Sassafras (preemergence)",
      "image_url": null,
      "name": "Sassafras (preemergence)",
      "row_entry_date": "2014-06-26 13:37:48"
    },
    "model": "data_manager.Pest",
    "pk": 309
  },
  {
    "fields": {
      "display_name": "Seaside ArroWGrass",
      "image_url": null,
      "name": "Seaside ArroWGrass",
      "row_entry_date": "2014-06-26 13:37:48"
    },
    "model": "data_manager.Pest",
    "pk": 310
  },
  {
    "fields": {
      "display_name": "Snowberry",
      "image_url": null,
      "name": "Snowberry",
      "row_entry_date": "2014-06-26 13:37:48"
    },
    "model": "data_manager.Pest",
    "pk": 311
  },
  {
    "fields": {
      "display_name": "Sorrel",
      "image_url": null,
      "name": "Sorrel",
      "row_entry_date": "2014-06-26 13:37:48"
    },
    "model": "data_manager.Pest",
    "pk": 312
  },
  {
    "fields": {
      "display_name": "Sorrel (preemergence)",
      "image_url": null,
      "name": "Sorrel (preemergence)",
      "row_entry_date": "2014-06-26 13:37:48"
    },
    "model": "data_manager.Pest",
    "pk": 313
  },
  {
    "fields": {
      "display_name": "St. Johnswort",
      "image_url": null,
      "name": "St. Johnswort",
      "row_entry_date": "2014-06-26 13:37:48"
    },
    "model": "data_manager.Pest",
    "pk": 314
  },
  {
    "fields": {
      "display_name": "St. Johnswort (preemergence)",
      "image_url": null,
      "name": "St. Johnswort (preemergence)",
      "row_entry_date": "2014-06-26 13:37:48"
    },
    "model": "data_manager.Pest",
    "pk": 315
  },
  {
    "fields": {
      "display_name": "Sumac (preemergence)",
      "image_url": null,
      "name": "Sumac (preemergence)",
      "row_entry_date": "2014-06-26 13:37:48"
    },
    "model": "data_manager.Pest",
    "pk": 316
  },
  {
    "fields": {
      "display_name": "Tall Larkspur",
      "image_url": null,
      "name": "Tall Larkspur",
      "row_entry_date": "2014-06-26 13:37:48"
    },
    "model": "data_manager.Pest",
    "pk": 317
  },
  {
    "fields": {
      "display_name": "Tarweed Fiddleneck",
      "image_url": null,
      "name": "Tarweed Fiddleneck",
      "row_entry_date": "2014-06-26 13:37:48"
    },
    "model": "data_manager.Pest",
    "pk": 318
  },
  {
    "fields": {
      "display_name": "Tarweed Fiddleneck (preemergence)",
      "image_url": null,
      "name": "Tarweed Fiddleneck (preemergence)",
      "row_entry_date": "2014-06-26 13:37:48"
    },
    "model": "data_manager.Pest",
    "pk": 319
  },
  {
    "fields": {
      "display_name": "Thimbleberry",
      "image_url": null,
      "name": "Thimbleberry",
      "row_entry_date": "2014-06-26 13:37:48"
    },
    "model": "data_manager.Pest",
    "pk": 320
  },
  {
    "fields": {
      "display_name": "Tree-of-heaven",
      "image_url": null,
      "name": "Tree-of-heaven",
      "row_entry_date": "2014-06-26 13:37:48"
    },
    "model": "data_manager.Pest",
    "pk": 321
  },
  {
    "fields": {
      "display_name": "Vines (preemergence)",
      "image_url": null,
      "name": "Vines (preemergence)",
      "row_entry_date": "2014-06-26 13:37:48"
    },
    "model": "data_manager.Pest",
    "pk": 322
  },
  {
    "fields": {
      "display_name": "Western Salsify",
      "image_url": null,
      "name": "Western Salsify",
      "row_entry_date": "2014-06-26 13:37:48"
    },
    "model": "data_manager.Pest",
    "pk": 323
  },
  {
    "fields": {
      "display_name": "White Spruce",
      "image_url": null,
      "name": "White Spruce",
      "row_entry_date": "2014-06-26 13:37:48"
    },
    "model": "data_manager.Pest",
    "pk": 324
  },
  {
    "fields": {
      "display_name": "Wild Grape (preemergence)",
      "image_url": null,
      "name": "Wild Grape (preemergence)",
      "row_entry_date": "2014-06-26 13:37:48"
    },
    "model": "data_manager.Pest",
    "pk": 325
  },
  {
    "fields": {
      "display_name": "Wild Iris",
      "image_url": null,
      "name": "Wild Iris",
      "row_entry_date": "2014-06-26 13:37:48"
    },
    "model": "data_manager.Pest",
    "pk": 326
  },
  {
    "fields": {
      "display_name": "Wild Lettuce",
      "image_url": null,
      "name": "Wild Lettuce",
      "row_entry_date": "2014-06-26 13:37:48"
    },
    "model": "data_manager.Pest",
    "pk": 327
  },
  {
    "fields": {
      "display_name": "Wild Lettuce (preemergence)",
      "image_url": null,
      "name": "Wild Lettuce (preemergence)",
      "row_entry_date": "2014-06-26 13:37:48"
    },
    "model": "data_manager.Pest",
    "pk": 328
  },
  {
    "fields": {
      "display_name": "Wild Rose",
      "image_url": null,
      "name": "Wild Rose",
      "row_entry_date": "2014-06-26 13:37:48"
    },
    "model": "data_manager.Pest",
    "pk": 329
  },
  {
    "fields": {
      "display_name": "Wild Rose (preemergence)",
      "image_url": null,
      "name": "Wild Rose (preemergence)",
      "row_entry_date": "2014-06-26 13:37:48"
    },
    "model": "data_manager.Pest",
    "pk": 330
  },
  {
    "fields": {
      "display_name": "Willow",
      "image_url": null,
      "name": "Willow",
      "row_entry_date": "2014-06-26 13:37:48"
    },
    "model": "data_manager.Pest",
    "pk": 331
  },
  {
    "fields": {
      "display_name": "Willow (preemergence)",
      "image_url": null,
      "name": "Willow (preemergence)",
      "row_entry_date": "2014-06-26 13:37:48"
    },
    "model": "data_manager.Pest",
    "pk": 332
  },
  {
    "fields": {
      "display_name": "Woolly Croton",
      "image_url": null,
      "name": "Woolly Croton",
      "row_entry_date": "2014-06-26 13:37:48"
    },
    "model": "data_manager.Pest",
    "pk": 333
  },
  {
    "fields": {
      "display_name": "Woolly Croton (preemergence)",
      "image_url": null,
      "name": "Woolly Croton (preemergence)",
      "row_entry_date": "2014-06-26 13:37:48"
    },
    "model": "data_manager.Pest",
    "pk": 334
  },
  {
    "fields": {
      "display_name": "Yankeeweed",
      "image_url": null,
      "name": "Yankeeweed",
      "row_entry_date": "2014-06-26 13:37:48"
    },
    "model": "data_manager.Pest",
    "pk": 335
  },
  {
    "fields": {
      "display_name": "Yellow Poplar (preemergence)",
      "image_url": null,
      "name": "Yellow Poplar (preemergence)",
      "row_entry_date": "2014-06-26 13:37:48"
    },
    "model": "data_manager.Pest",
    "pk": 336
  },
  {
    "fields": {
      "display_name": "Yellow Toadflax",
      "image_url": null,
      "name": "Yellow Toadflax",
      "row_entry_date": "2014-06-26 13:37:48"
    },
    "model": "data_manager.Pest",
    "pk": 337
  },
  {
    "fields": {
      "active_ingredient": 34,
      "brand_name": "DUPONT STREAMLINE HERBICIDE",
      "percentage_active_ingredient": "39.5",
      "row_entry_date": "2014-06-26 13:37:48"
    },
    "model": "data_manager.BrandFormulation",
    "pk": 4
  },
  {
    "fields": {
      "name": "Methyl 2-(((((4-methoxy-6-methyl-1,3,5-triazin-2-yl)amino)carbonyl)amino)sulfonyl)benzoate",
      "row_entry_date": "2014-06-26 13:37:48"
    },
    "model": "data_manager.ActiveIngredient",
    "pk": 101
  },
  {
    "fields": {
      "active_ingredient": 101,
      "brand_name": "DUPONT STREAMLINE HERBICIDE",
      "percentage_active_ingredient": "12.6",
      "row_entry_date": "2014-06-26 13:37:48"
    },
    "model": "data_manager.BrandFormulation",
    "pk": 5
  },
  {
    "fields": {
      "active_ingredients": [],
      "application_areas": [
        1,
        2,
        3,
        27,
        4,
        29,
        30,
        48,
        6,
        7,
        31,
        32,
        9,
        10,
        33,
        12,
        34,
        13,
        14,
        15,
        37,
        18,
        19,
        38,
        39,
        20,
        40,
        22,
        41,
        42,
        24,
        25,
        43,
        44,
        49,
        47
      ],
      "company_name": [
        1
      ],
      "company_number": 352,
      "epa_registration_number": "352-848",
      "formulation": "Water Dispersible Granules",
      "label_url": "http://www.kellysolutions.com/erenewals/documentsubmit/KellyData\\SC\\pesticide\\Product%20Label\\352\\352%2D848\\352%2D848%5FDUPONT%5FSTREAMLINE%5FHERBICIDE%5F4%5F25%5F2014%5F11%5F18%5F31%5FAM%2Epdf",
      "name": "DUPONT STREAMLINE HERBICIDE",
      "pests_treated": [
        218,
        219,
        220,
        221,
        222,
        54,
        55,
        223,
        224,
        225,
        226,
        227,
        228,
        229,
        230,
        1,
        231,
        232,
        233,
        234,
        235,
        60,
        61,
        2,
        236,
        3,
        64,
        237,
        4,
        65,
        66,
        67,
        68,
        238,
        239,
        240,
        6,
        75,
        7,
        241,
        242,
        243,
        244,
        245,
        82,
        83,
        246,
        247,
        84,
        248,
        249,
        250,
        85,
        86,
        89,
        90,
        251,
        252,
        9,
        91,
        10,
        253,
        92,
        93,
        254,
        11,
        255,
        94,
        95,
        256,
        257,
        12,
        98,
        99,
        258,
        100,
        101,
        259,
        104,
        105,
        13,
        260,
        14,
        261,
        262,
        106,
        263,
        264,
        265,
        16,
        266,
        108,
        109,
        17,
        112,
        113,
        114,
        267,
        115,
        116,
        268,
        117,
        118,
        269,
        270,
        271,
        272,
        19,
        119,
        273,
        274,
        122,
        123,
        124,
        125,
        275,
        276,
        128,
        129,
        130,
        20,
        22,
        133,
        277,
        278,
        134,
        135,
        279,
        23,
        136,
        24,
        137,
        280,
        281,
        25,
        140,
        282,
        26,
        143,
        144,
        283,
        284,
        285,
        286,
        27,
        145,
        28,
        287,
        288,
        289,
        290,
        291,
        292,
        293,
        148,
        149,
        294,
        295,
        152,
        153,
        296,
        30,
        154,
        31,
        297,
        32,
        155,
        156,
        157,
        298,
        33,
        299,
        164,
        165,
        300,
        301,
        302,
        303,
        304,
        166,
        34,
        167,
        35,
        305,
        306,
        307,
        308,
        36,
        309,
        168,
        169,
        310,
        170,
        171,
        37,
        175,
        176,
        177,
        311,
        312,
        313,
        38,
        314,
        315,
        39,
        40,
        316,
        185,
        186,
        41,
        42,
        317,
        188,
        189,
        190,
        191,
        318,
        319,
        43,
        320,
        194,
        195,
        321,
        196,
        197,
        44,
        45,
        200,
        46,
        322,
        47,
        201,
        323,
        324,
        203,
        204,
        207,
        208,
        209,
        210,
        50,
        325,
        326,
        327,
        328,
        211,
        212,
        215,
        216,
        329,
        330,
        331,
        332,
        333,
        334,
        335,
        52,
        336,
        53,
        217,
        337
      ],
      "restricted_use": false,
      "row_entry_date": "2014-06-26 13:37:48",
      "special_local_need": false
    },
    "model": "data_manager.Brand",
    "pk": 4
  },
  {
    "fields": {
      "name": "Campgrounds",
      "row_entry_date": "2014-06-26 13:37:48"
    },
    "model": "data_manager.ApplicationArea",
    "pk": 50
  },
  {
    "fields": {
      "name": "Fencerows (soil Treatment)",
      "row_entry_date": "2014-06-26 13:37:48"
    },
    "model": "data_manager.ApplicationArea",
    "pk": 51
  },
  {
    "fields": {
      "name": "Low Volume Application (water Spray)",
      "row_entry_date": "2014-06-26 13:37:48"
    },
    "model": "data_manager.ApplicationArea",
    "pk": 52
  },
  {
    "fields": {
      "name": "Roadways (foliar Treatment)",
      "row_entry_date": "2014-06-26 13:37:48"
    },
    "model": "data_manager.ApplicationArea",
    "pk": 53
  },
  {
    "fields": {
      "name": "Uncultivated Agricultural Areas",
      "row_entry_date": "2014-06-26 13:37:48"
    },
    "model": "data_manager.ApplicationArea",
    "pk": 54
  },
  {
    "fields": {
      "display_name": "Blackgum",
      "image_url": null,
      "name": "Blackgum",
      "row_entry_date": "2014-06-26 13:37:48"
    },
    "model": "data_manager.Pest",
    "pk": 338
  },
  {
    "fields": {
      "display_name": "Dogwood",
      "image_url": null,
      "name": "Dogwood",
      "row_entry_date": "2014-06-26 13:37:48"
    },
    "model": "data_manager.Pest",
    "pk": 339
  },
  {
    "fields": {
      "display_name": "Ferns",
      "image_url": null,
      "name": "Ferns",
      "row_entry_date": "2014-06-26 13:37:48"
    },
    "model": "data_manager.Pest",
    "pk": 340
  },
  {
    "fields": {
      "display_name": "Hickory",
      "image_url": null,
      "name": "Hickory",
      "row_entry_date": "2014-06-26 13:37:48"
    },
    "model": "data_manager.Pest",
    "pk": 341
  },
  {
    "fields": {
      "display_name": "Hophornbeam",
      "image_url": null,
      "name": "Hophornbeam",
      "row_entry_date": "2014-06-26 13:37:48"
    },
    "model": "data_manager.Pest",
    "pk": 342
  },
  {
    "fields": {
      "display_name": "Knapweed",
      "image_url": null,
      "name": "Knapweed",
      "row_entry_date": "2014-06-26 13:37:48"
    },
    "model": "data_manager.Pest",
    "pk": 343
  },
  {
    "fields": {
      "display_name": "Loco",
      "image_url": null,
      "name": "Loco",
      "row_entry_date": "2014-06-26 13:37:48"
    },
    "model": "data_manager.Pest",
    "pk": 344
  },
  {
    "fields": {
      "display_name": "Oceanspray",
      "image_url": null,
      "name": "Oceanspray",
      "row_entry_date": "2014-06-26 13:37:48"
    },
    "model": "data_manager.Pest",
    "pk": 345
  },
  {
    "fields": {
      "display_name": "Persimmon",
      "image_url": null,
      "name": "Persimmon",
      "row_entry_date": "2014-06-26 13:37:48"
    },
    "model": "data_manager.Pest",
    "pk": 346
  },
  {
    "fields": {
      "display_name": "Purslane",
      "image_url": null,
      "name": "Purslane",
      "row_entry_date": "2014-06-26 13:37:48"
    },
    "model": "data_manager.Pest",
    "pk": 347
  },
  {
    "fields": {
      "display_name": "Sunflower",
      "image_url": null,
      "name": "Sunflower",
      "row_entry_date": "2014-06-26 13:37:48"
    },
    "model": "data_manager.Pest",
    "pk": 348
  },
  {
    "fields": {
      "display_name": "Sweetgum",
      "image_url": null,
      "name": "Sweetgum",
      "row_entry_date": "2014-06-26 13:37:48"
    },
    "model": "data_manager.Pest",
    "pk": 349
  },
  {
    "fields": {
      "display_name": "Thistle",
      "image_url": null,
      "name": "Thistle",
      "row_entry_date": "2014-06-26 13:37:48"
    },
    "model": "data_manager.Pest",
    "pk": 350
  },
  {
    "fields": {
      "display_name": "Woodsorrel",
      "image_url": null,
      "name": "Woodsorrel",
      "row_entry_date": "2014-06-26 13:37:48"
    },
    "model": "data_manager.Pest",
    "pk": 351
  },
  {
    "fields": {
      "display_name": "Yarrow",
      "image_url": null,
      "name": "Yarrow",
      "row_entry_date": "2014-06-26 13:37:48"
    },
    "model": "data_manager.Pest",
    "pk": 352
  },
  {
    "fields": {
      "name": "2-(4-Isopropyl-4-methyl-5-oxo-2-imidazolin-2-yl)-nicotinic acid",
      "row_entry_date": "2014-06-26 13:37:48"
    },
    "model": "data_manager.ActiveIngredient",
    "pk": 102
  },
  {
    "fields": {
      "active_ingredient": 102,
      "brand_name": "DUPONT VIEWPOINT HERBICIDE",
      "percentage_active_ingredient": "31.6",
      "row_entry_date": "2014-06-26 13:37:48"
    },
    "model": "data_manager.BrandFormulation",
    "pk": 6
  },
  {
    "fields": {
      "active_ingredient": 34,
      "brand_name": "DUPONT VIEWPOINT HERBICIDE",
      "percentage_active_ingredient": "22.8",
      "row_entry_date": "2014-06-26 13:37:48"
    },
    "model": "data_manager.BrandFormulation",
    "pk": 7
  },
  {
    "fields": {
      "active_ingredient": 101,
      "brand_name": "DUPONT VIEWPOINT HERBICIDE",
      "percentage_active_ingredient": "7.3",
      "row_entry_date": "2014-06-26 13:37:48"
    },
    "model": "data_manager.BrandFormulation",
    "pk": 8
  },
  {
    "fields": {
      "active_ingredients": [],
      "application_areas": [
        2,
        4,
        5,
        50,
        6,
        7,
        31,
        51,
        52,
        12,
        13,
        14,
        16,
        18,
        19,
        39,
        20,
        53,
        22,
        24,
        25,
        26,
        54,
        44
      ],
      "company_name": [
        1
      ],
      "company_number": 352,
      "epa_registration_number": "352-847",
      "formulation": "Water Dispersible Granules",
      "label_url": "http://www.kellysolutions.com/erenewals/documentsubmit/KellyData\\SC\\pesticide\\Product%20Label\\352\\352%2D847\\352%2D847%5FDUPONT%5FVIEWPOINT%5FHERBICIDE%5F4%5F25%5F2014%5F11%5F20%5F43%5FAM%2Epdf",
      "name": "DUPONT VIEWPOINT HERBICIDE",
      "pests_treated": [
        220,
        222,
        54,
        224,
        226,
        227,
        228,
        230,
        1,
        231,
        232,
        234,
        338,
        60,
        2,
        237,
        65,
        67,
        238,
        240,
        5,
        6,
        7,
        241,
        78,
        243,
        244,
        82,
        246,
        85,
        89,
        9,
        94,
        256,
        12,
        98,
        258,
        100,
        259,
        104,
        13,
        14,
        261,
        339,
        106,
        263,
        264,
        16,
        108,
        340,
        17,
        113,
        267,
        115,
        268,
        269,
        270,
        271,
        19,
        119,
        273,
        122,
        341,
        124,
        275,
        342,
        128,
        130,
        20,
        21,
        343,
        22,
        277,
        134,
        279,
        23,
        24,
        344,
        280,
        25,
        282,
        26,
        143,
        283,
        285,
        27,
        28,
        287,
        345,
        289,
        290,
        292,
        149,
        346,
        295,
        152,
        296,
        30,
        31,
        32,
        298,
        347,
        33,
        164,
        300,
        302,
        303,
        34,
        35,
        306,
        307,
        36,
        168,
        169,
        310,
        170,
        37,
        175,
        176,
        311,
        178,
        38,
        314,
        39,
        40,
        348,
        185,
        349,
        41,
        42,
        317,
        187,
        188,
        190,
        318,
        43,
        320,
        350,
        194,
        321,
        196,
        45,
        47,
        323,
        324,
        203,
        207,
        209,
        50,
        326,
        327,
        211,
        215,
        329,
        331,
        351,
        333,
        335,
        352,
        52,
        53,
        337
      ],
      "restricted_use": false,
      "row_entry_date": "2014-06-26 13:37:48",
      "special_local_need": false
    },
    "model": "data_manager.Brand",
    "pk": 5
  }
]